=========== [ 2026-04-09T23:23:25.316634200-06:00 ] ===========
TENANT_ID: 8691f5d8-24f6-4c3d-93a1-0852e9540dae
RECORDS COUNT: 10
PAYLOAD: 
{
  "tenantId" : "8691f5d8-24f6-4c3d-93a1-0852e9540dae",
  "records" : [ {
    "id" : "61533570-571f-47a8-bf12-7085f7180bf8",
    "tenant_id" : "8691f5d8-24f6-4c3d-93a1-0852e9540dae",
    "user_id" : "a4602c27-f504-4eba-bb91-682b7d98ad96",
    "cash_session_id" : "8e5cb70a-5c38-43de-ac69-9f3fe06b428b",
    "folio" : "SAL-20260409-0012",
    "total" : 5.0,
    "payment_type" : "CASH",
    "reg_borrado" : 1,
    "created_at" : "2026-04-09T11:47:03.032023Z",
    "updated_at" : "2026-04-09T11:47:03.032023Z",
    "items" : [ {
      "id" : "e1c9c259-ae77-443b-a831-1ceccdbc7b0d",
      "sale_id" : "61533570-571f-47a8-bf12-7085f7180bf8",
      "upc" : "7503039601277",
      "product_name" : "lsldmd",
      "measurement_unit" : "PZA",
      "iva_amount" : 0.0,
      "ieps_amount" : 0.0,
      "quantity" : 1.0,
      "unit_price" : 5.0,
      "subtotal" : 5.0
    } ]
  }, {
    "id" : "87985203-4b6c-4c80-8b5d-b55e920d7bd7",
    "tenant_id" : "8691f5d8-24f6-4c3d-93a1-0852e9540dae",
    "user_id" : "a4602c27-f504-4eba-bb91-682b7d98ad96",
    "cash_session_id" : "8e5cb70a-5c38-43de-ac69-9f3fe06b428b",
    "folio" : "SAL-20260409-0013",
    "total" : 5.0,
    "payment_type" : "CASH",
    "reg_borrado" : 1,
    "created_at" : "2026-04-09T11:47:14.933403Z",
    "updated_at" : "2026-04-09T11:47:14.933403Z",
    "items" : [ {
      "id" : "0930c207-9c33-44b8-b011-872a88aa28e4",
      "sale_id" : "87985203-4b6c-4c80-8b5d-b55e920d7bd7",
      "upc" : "7503039601277",
      "product_name" : "lsldmd",
      "measurement_unit" : "PZA",
      "iva_amount" : 0.0,
      "ieps_amount" : 0.0,
      "quantity" : 1.0,
      "unit_price" : 5.0,
      "subtotal" : 5.0
    } ]
  }, {
    "id" : "e0fbaee4-4f2d-46ca-a5b6-18e21ffadf68",
    "tenant_id" : "8691f5d8-24f6-4c3d-93a1-0852e9540dae",
    "user_id" : "a4602c27-f504-4eba-bb91-682b7d98ad96",
    "cash_session_id" : "8e5cb70a-5c38-43de-ac69-9f3fe06b428b",
    "folio" : "SAL-20260409-0014",
    "total" : 5.0,
    "payment_type" : "CASH",
    "reg_borrado" : 1,
    "created_at" : "2026-04-09T11:47:28.402004Z",
    "updated_at" : "2026-04-09T11:47:28.402004Z",
    "items" : [ {
      "id" : "013c48b2-23dc-4dfa-aa2f-ff3cf6049477",
      "sale_id" : "e0fbaee4-4f2d-46ca-a5b6-18e21ffadf68",
      "upc" : "7503039601277",
      "product_name" : "lsldmd",
      "measurement_unit" : "PZA",
      "iva_amount" : 0.0,
      "ieps_amount" : 0.0,
      "quantity" : 1.0,
      "unit_price" : 5.0,
      "subtotal" : 5.0
    } ]
  }, {
    "id" : "655ad33a-a601-44b6-b9de-0ed92abeb955",
    "tenant_id" : "8691f5d8-24f6-4c3d-93a1-0852e9540dae",
    "user_id" : "a4602c27-f504-4eba-bb91-682b7d98ad96",
    "cash_session_id" : "8e5cb70a-5c38-43de-ac69-9f3fe06b428b",
    "folio" : "SAL-20260409-0015",
    "total" : 5.0,
    "payment_type" : "CASH",
    "reg_borrado" : 1,
    "created_at" : "2026-04-09T11:47:38.770874Z",
    "updated_at" : "2026-04-09T11:47:38.770874Z",
    "items" : [ {
      "id" : "7e73bbd4-b5ae-4922-b691-ce8083eb100d",
      "sale_id" : "655ad33a-a601-44b6-b9de-0ed92abeb955",
      "upc" : "7503039601277",
      "product_name" : "lsldmd",
      "measurement_unit" : "PZA",
      "iva_amount" : 0.0,
      "ieps_amount" : 0.0,
      "quantity" : 1.0,
      "unit_price" : 5.0,
      "subtotal" : 5.0
    } ]
  }, {
    "id" : "fddb83aa-da21-4a02-beea-4e7d4388a99c",
    "tenant_id" : "8691f5d8-24f6-4c3d-93a1-0852e9540dae",
    "user_id" : "a4602c27-f504-4eba-bb91-682b7d98ad96",
    "cash_session_id" : "8e5cb70a-5c38-43de-ac69-9f3fe06b428b",
    "folio" : "SAL-20260409-0016",
    "total" : 25.0,
    "payment_type" : "CASH",
    "reg_borrado" : 1,
    "created_at" : "2026-04-09T11:50:13.257831Z",
    "updated_at" : "2026-04-09T11:50:13.257831Z",
    "items" : [ {
      "id" : "a110e63b-a7fc-489e-94ae-68d7dc4209b0",
      "sale_id" : "fddb83aa-da21-4a02-beea-4e7d4388a99c",
      "upc" : "7501055333851",
      "product_name" : "Del Valle Nectar de Durazno",
      "measurement_unit" : "PZA",
      "iva_amount" : 0.0,
      "ieps_amount" : 0.0,
      "quantity" : 1.0,
      "unit_price" : 25.0,
      "subtotal" : 25.0
    } ]
  }, {
    "id" : "74c5c5e4-6107-47e2-8fdb-31015df0d2ef",
    "tenant_id" : "8691f5d8-24f6-4c3d-93a1-0852e9540dae",
    "user_id" : "a4602c27-f504-4eba-bb91-682b7d98ad96",
    "cash_session_id" : "8e5cb70a-5c38-43de-ac69-9f3fe06b428b",
    "folio" : "SAL-20260409-0017",
    "total" : 674.0,
    "payment_type" : "CASH",
    "reg_borrado" : 1,
    "created_at" : "2026-04-09T12:22:02.165261Z",
    "updated_at" : "2026-04-09T12:22:02.165261Z",
    "items" : [ {
      "id" : "d8477bf3-9cd5-4318-9cd5-21ff45e8da74",
      "sale_id" : "74c5c5e4-6107-47e2-8fdb-31015df0d2ef",
      "upc" : "N/A",
      "product_name" : "Tortillas (1kg)",
      "measurement_unit" : "PZA",
      "iva_amount" : 0.0,
      "ieps_amount" : 0.0,
      "quantity" : 26.0,
      "unit_price" : 24.0,
      "subtotal" : 624.0
    }, {
      "id" : "1a0d9b27-d860-409e-95da-502ba38e4b13",
      "sale_id" : "74c5c5e4-6107-47e2-8fdb-31015df0d2ef",
      "upc" : "PRP-719551605",
      "product_name" : "Tacos De Pastor",
      "measurement_unit" : "PZA",
      "iva_amount" : 0.0,
      "ieps_amount" : 0.0,
      "quantity" : 1.0,
      "unit_price" : 25.0,
      "subtotal" : 25.0
    }, {
      "id" : "b6dfbcf7-445e-4094-94eb-1a849495ffcf",
      "sale_id" : "74c5c5e4-6107-47e2-8fdb-31015df0d2ef",
      "upc" : "7501791669276",
      "product_name" : "AU jamón cocido",
      "measurement_unit" : "PZA",
      "iva_amount" : 0.0,
      "ieps_amount" : 0.0,
      "quantity" : 1.0,
      "unit_price" : 25.0,
      "subtotal" : 25.0
    } ]
  }, {
    "id" : "2229d859-5d34-43f7-a75e-b899c284b232",
    "tenant_id" : "8691f5d8-24f6-4c3d-93a1-0852e9540dae",
    "user_id" : "a4602c27-f504-4eba-bb91-682b7d98ad96",
    "cash_session_id" : "8e5cb70a-5c38-43de-ac69-9f3fe06b428b",
    "folio" : "SAL-20260409-0018",
    "total" : 45.0,
    "payment_type" : "CASH",
    "reg_borrado" : 1,
    "created_at" : "2026-04-09T18:36:56.729746Z",
    "updated_at" : "2026-04-09T18:36:56.729746Z",
    "items" : [ {
      "id" : "d4ab66e0-16ed-4ff2-b324-d242c1101990",
      "sale_id" : "2229d859-5d34-43f7-a75e-b899c284b232",
      "upc" : "INT-001",
      "product_name" : "Huevo (1kg)",
      "measurement_unit" : "PZA",
      "iva_amount" : 0.0,
      "ieps_amount" : 0.0,
      "quantity" : 1.0,
      "unit_price" : 45.0,
      "subtotal" : 45.0
    } ]
  }, {
    "id" : "ebb27e26-fb41-448b-af7c-b29ebaff51ca",
    "tenant_id" : "8691f5d8-24f6-4c3d-93a1-0852e9540dae",
    "user_id" : "a4602c27-f504-4eba-bb91-682b7d98ad96",
    "cash_session_id" : "8e5cb70a-5c38-43de-ac69-9f3fe06b428b",
    "folio" : "SAL-20260409-0019",
    "total" : 25.0,
    "payment_type" : "CASH",
    "reg_borrado" : 1,
    "created_at" : "2026-04-09T18:43:02.857810Z",
    "updated_at" : "2026-04-09T18:43:02.857810Z",
    "items" : [ {
      "id" : "5f9c6c2a-58c2-4363-b404-5e28c559fbbf",
      "sale_id" : "ebb27e26-fb41-448b-af7c-b29ebaff51ca",
      "upc" : "7501032925529",
      "product_name" : "ggcv baygo",
      "measurement_unit" : "PZA",
      "iva_amount" : 0.0,
      "ieps_amount" : 0.0,
      "quantity" : 1.0,
      "unit_price" : 25.0,
      "subtotal" : 25.0
    } ]
  }, {
    "id" : "b2e5a48e-3078-4820-a40f-c71a5e8e4ea0",
    "tenant_id" : "8691f5d8-24f6-4c3d-93a1-0852e9540dae",
    "user_id" : "a4602c27-f504-4eba-bb91-682b7d98ad96",
    "cash_session_id" : "8e5cb70a-5c38-43de-ac69-9f3fe06b428b",
    "folio" : "SAL-20260409-0020",
    "total" : 141.5,
    "payment_type" : "CASH",
    "reg_borrado" : 1,
    "created_at" : "2026-04-10T03:28:34.379274Z",
    "updated_at" : "2026-04-10T03:28:34.379274Z",
    "items" : [ {
      "id" : "58b67fe9-8bc7-4515-b53b-2c4e8c416ff1",
      "sale_id" : "b2e5a48e-3078-4820-a40f-c71a5e8e4ea0",
      "upc" : "INT-001",
      "product_name" : "Huevo (1kg)",
      "measurement_unit" : "PZA",
      "iva_amount" : 0.0,
      "ieps_amount" : 0.0,
      "quantity" : 2.0,
      "unit_price" : 45.0,
      "subtotal" : 90.0
    }, {
      "id" : "f8ad4b8b-af10-4eb2-b7c7-56a87f260f1e",
      "sale_id" : "b2e5a48e-3078-4820-a40f-c71a5e8e4ea0",
      "upc" : "INT-002",
      "product_name" : "Tortillas (1kg)",
      "measurement_unit" : "PZA",
      "iva_amount" : 0.0,
      "ieps_amount" : 0.0,
      "quantity" : 2.0,
      "unit_price" : 24.0,
      "subtotal" : 48.0
    }, {
      "id" : "7c2e938e-f873-4368-8c43-c6523dfeee00",
      "sale_id" : "b2e5a48e-3078-4820-a40f-c71a5e8e4ea0",
      "upc" : "INT-003",
      "product_name" : "Bolillo (Pza)",
      "measurement_unit" : "PZA",
      "iva_amount" : 0.0,
      "ieps_amount" : 0.0,
      "quantity" : 1.0,
      "unit_price" : 3.5,
      "subtotal" : 3.5
    } ]
  }, {
    "id" : "d12ae8e9-e319-4c25-93b7-41d59f967c31",
    "tenant_id" : "8691f5d8-24f6-4c3d-93a1-0852e9540dae",
    "user_id" : "a4602c27-f504-4eba-bb91-682b7d98ad96",
    "cash_session_id" : "8e5cb70a-5c38-43de-ac69-9f3fe06b428b",
    "folio" : "SAL-20260409-0021",
    "total" : 90.0,
    "payment_type" : "CASH",
    "reg_borrado" : 1,
    "created_at" : "2026-04-10T03:28:47.399969Z",
    "updated_at" : "2026-04-10T03:28:47.399969Z",
    "items" : [ {
      "id" : "23ab9a52-f2cf-4c8b-ac4e-e7850dca9dce",
      "sale_id" : "d12ae8e9-e319-4c25-93b7-41d59f967c31",
      "upc" : "INT-001",
      "product_name" : "Huevo (1kg)",
      "measurement_unit" : "PZA",
      "iva_amount" : 0.0,
      "ieps_amount" : 0.0,
      "quantity" : 2.0,
      "unit_price" : 45.0,
      "subtotal" : 90.0
    } ]
  } ]
}

=========== [ 2026-04-09T23:23:56.719574500-06:00 ] ===========
TENANT_ID: 8691f5d8-24f6-4c3d-93a1-0852e9540dae
RECORDS COUNT: 10
PAYLOAD: 
{
  "tenantId" : "8691f5d8-24f6-4c3d-93a1-0852e9540dae",
  "records" : [ {
    "id" : "61533570-571f-47a8-bf12-7085f7180bf8",
    "tenant_id" : "8691f5d8-24f6-4c3d-93a1-0852e9540dae",
    "user_id" : "a4602c27-f504-4eba-bb91-682b7d98ad96",
    "cash_session_id" : "8e5cb70a-5c38-43de-ac69-9f3fe06b428b",
    "folio" : "SAL-20260409-0012",
    "total" : 5.0,
    "payment_type" : "CASH",
    "reg_borrado" : 1,
    "created_at" : "2026-04-09T11:47:03.032023Z",
    "updated_at" : "2026-04-09T11:47:03.032023Z",
    "items" : [ {
      "id" : "e1c9c259-ae77-443b-a831-1ceccdbc7b0d",
      "sale_id" : "61533570-571f-47a8-bf12-7085f7180bf8",
      "upc" : "7503039601277",
      "product_name" : "lsldmd",
      "measurement_unit" : "PZA",
      "iva_amount" : 0.0,
      "ieps_amount" : 0.0,
      "quantity" : 1.0,
      "unit_price" : 5.0,
      "subtotal" : 5.0
    } ]
  }, {
    "id" : "87985203-4b6c-4c80-8b5d-b55e920d7bd7",
    "tenant_id" : "8691f5d8-24f6-4c3d-93a1-0852e9540dae",
    "user_id" : "a4602c27-f504-4eba-bb91-682b7d98ad96",
    "cash_session_id" : "8e5cb70a-5c38-43de-ac69-9f3fe06b428b",
    "folio" : "SAL-20260409-0013",
    "total" : 5.0,
    "payment_type" : "CASH",
    "reg_borrado" : 1,
    "created_at" : "2026-04-09T11:47:14.933403Z",
    "updated_at" : "2026-04-09T11:47:14.933403Z",
    "items" : [ {
      "id" : "0930c207-9c33-44b8-b011-872a88aa28e4",
      "sale_id" : "87985203-4b6c-4c80-8b5d-b55e920d7bd7",
      "upc" : "7503039601277",
      "product_name" : "lsldmd",
      "measurement_unit" : "PZA",
      "iva_amount" : 0.0,
      "ieps_amount" : 0.0,
      "quantity" : 1.0,
      "unit_price" : 5.0,
      "subtotal" : 5.0
    } ]
  }, {
    "id" : "e0fbaee4-4f2d-46ca-a5b6-18e21ffadf68",
    "tenant_id" : "8691f5d8-24f6-4c3d-93a1-0852e9540dae",
    "user_id" : "a4602c27-f504-4eba-bb91-682b7d98ad96",
    "cash_session_id" : "8e5cb70a-5c38-43de-ac69-9f3fe06b428b",
    "folio" : "SAL-20260409-0014",
    "total" : 5.0,
    "payment_type" : "CASH",
    "reg_borrado" : 1,
    "created_at" : "2026-04-09T11:47:28.402004Z",
    "updated_at" : "2026-04-09T11:47:28.402004Z",
    "items" : [ {
      "id" : "013c48b2-23dc-4dfa-aa2f-ff3cf6049477",
      "sale_id" : "e0fbaee4-4f2d-46ca-a5b6-18e21ffadf68",
      "upc" : "7503039601277",
      "product_name" : "lsldmd",
      "measurement_unit" : "PZA",
      "iva_amount" : 0.0,
      "ieps_amount" : 0.0,
      "quantity" : 1.0,
      "unit_price" : 5.0,
      "subtotal" : 5.0
    } ]
  }, {
    "id" : "655ad33a-a601-44b6-b9de-0ed92abeb955",
    "tenant_id" : "8691f5d8-24f6-4c3d-93a1-0852e9540dae",
    "user_id" : "a4602c27-f504-4eba-bb91-682b7d98ad96",
    "cash_session_id" : "8e5cb70a-5c38-43de-ac69-9f3fe06b428b",
    "folio" : "SAL-20260409-0015",
    "total" : 5.0,
    "payment_type" : "CASH",
    "reg_borrado" : 1,
    "created_at" : "2026-04-09T11:47:38.770874Z",
    "updated_at" : "2026-04-09T11:47:38.770874Z",
    "items" : [ {
      "id" : "7e73bbd4-b5ae-4922-b691-ce8083eb100d",
      "sale_id" : "655ad33a-a601-44b6-b9de-0ed92abeb955",
      "upc" : "7503039601277",
      "product_name" : "lsldmd",
      "measurement_unit" : "PZA",
      "iva_amount" : 0.0,
      "ieps_amount" : 0.0,
      "quantity" : 1.0,
      "unit_price" : 5.0,
      "subtotal" : 5.0
    } ]
  }, {
    "id" : "fddb83aa-da21-4a02-beea-4e7d4388a99c",
    "tenant_id" : "8691f5d8-24f6-4c3d-93a1-0852e9540dae",
    "user_id" : "a4602c27-f504-4eba-bb91-682b7d98ad96",
    "cash_session_id" : "8e5cb70a-5c38-43de-ac69-9f3fe06b428b",
    "folio" : "SAL-20260409-0016",
    "total" : 25.0,
    "payment_type" : "CASH",
    "reg_borrado" : 1,
    "created_at" : "2026-04-09T11:50:13.257831Z",
    "updated_at" : "2026-04-09T11:50:13.257831Z",
    "items" : [ {
      "id" : "a110e63b-a7fc-489e-94ae-68d7dc4209b0",
      "sale_id" : "fddb83aa-da21-4a02-beea-4e7d4388a99c",
      "upc" : "7501055333851",
      "product_name" : "Del Valle Nectar de Durazno",
      "measurement_unit" : "PZA",
      "iva_amount" : 0.0,
      "ieps_amount" : 0.0,
      "quantity" : 1.0,
      "unit_price" : 25.0,
      "subtotal" : 25.0
    } ]
  }, {
    "id" : "74c5c5e4-6107-47e2-8fdb-31015df0d2ef",
    "tenant_id" : "8691f5d8-24f6-4c3d-93a1-0852e9540dae",
    "user_id" : "a4602c27-f504-4eba-bb91-682b7d98ad96",
    "cash_session_id" : "8e5cb70a-5c38-43de-ac69-9f3fe06b428b",
    "folio" : "SAL-20260409-0017",
    "total" : 674.0,
    "payment_type" : "CASH",
    "reg_borrado" : 1,
    "created_at" : "2026-04-09T12:22:02.165261Z",
    "updated_at" : "2026-04-09T12:22:02.165261Z",
    "items" : [ {
      "id" : "d8477bf3-9cd5-4318-9cd5-21ff45e8da74",
      "sale_id" : "74c5c5e4-6107-47e2-8fdb-31015df0d2ef",
      "upc" : "N/A",
      "product_name" : "Tortillas (1kg)",
      "measurement_unit" : "PZA",
      "iva_amount" : 0.0,
      "ieps_amount" : 0.0,
      "quantity" : 26.0,
      "unit_price" : 24.0,
      "subtotal" : 624.0
    }, {
      "id" : "1a0d9b27-d860-409e-95da-502ba38e4b13",
      "sale_id" : "74c5c5e4-6107-47e2-8fdb-31015df0d2ef",
      "upc" : "PRP-719551605",
      "product_name" : "Tacos De Pastor",
      "measurement_unit" : "PZA",
      "iva_amount" : 0.0,
      "ieps_amount" : 0.0,
      "quantity" : 1.0,
      "unit_price" : 25.0,
      "subtotal" : 25.0
    }, {
      "id" : "b6dfbcf7-445e-4094-94eb-1a849495ffcf",
      "sale_id" : "74c5c5e4-6107-47e2-8fdb-31015df0d2ef",
      "upc" : "7501791669276",
      "product_name" : "AU jamón cocido",
      "measurement_unit" : "PZA",
      "iva_amount" : 0.0,
      "ieps_amount" : 0.0,
      "quantity" : 1.0,
      "unit_price" : 25.0,
      "subtotal" : 25.0
    } ]
  }, {
    "id" : "2229d859-5d34-43f7-a75e-b899c284b232",
    "tenant_id" : "8691f5d8-24f6-4c3d-93a1-0852e9540dae",
    "user_id" : "a4602c27-f504-4eba-bb91-682b7d98ad96",
    "cash_session_id" : "8e5cb70a-5c38-43de-ac69-9f3fe06b428b",
    "folio" : "SAL-20260409-0018",
    "total" : 45.0,
    "payment_type" : "CASH",
    "reg_borrado" : 1,
    "created_at" : "2026-04-09T18:36:56.729746Z",
    "updated_at" : "2026-04-09T18:36:56.729746Z",
    "items" : [ {
      "id" : "d4ab66e0-16ed-4ff2-b324-d242c1101990",
      "sale_id" : "2229d859-5d34-43f7-a75e-b899c284b232",
      "upc" : "INT-001",
      "product_name" : "Huevo (1kg)",
      "measurement_unit" : "PZA",
      "iva_amount" : 0.0,
      "ieps_amount" : 0.0,
      "quantity" : 1.0,
      "unit_price" : 45.0,
      "subtotal" : 45.0
    } ]
  }, {
    "id" : "ebb27e26-fb41-448b-af7c-b29ebaff51ca",
    "tenant_id" : "8691f5d8-24f6-4c3d-93a1-0852e9540dae",
    "user_id" : "a4602c27-f504-4eba-bb91-682b7d98ad96",
    "cash_session_id" : "8e5cb70a-5c38-43de-ac69-9f3fe06b428b",
    "folio" : "SAL-20260409-0019",
    "total" : 25.0,
    "payment_type" : "CASH",
    "reg_borrado" : 1,
    "created_at" : "2026-04-09T18:43:02.857810Z",
    "updated_at" : "2026-04-09T18:43:02.857810Z",
    "items" : [ {
      "id" : "5f9c6c2a-58c2-4363-b404-5e28c559fbbf",
      "sale_id" : "ebb27e26-fb41-448b-af7c-b29ebaff51ca",
      "upc" : "7501032925529",
      "product_name" : "ggcv baygo",
      "measurement_unit" : "PZA",
      "iva_amount" : 0.0,
      "ieps_amount" : 0.0,
      "quantity" : 1.0,
      "unit_price" : 25.0,
      "subtotal" : 25.0
    } ]
  }, {
    "id" : "b2e5a48e-3078-4820-a40f-c71a5e8e4ea0",
    "tenant_id" : "8691f5d8-24f6-4c3d-93a1-0852e9540dae",
    "user_id" : "a4602c27-f504-4eba-bb91-682b7d98ad96",
    "cash_session_id" : "8e5cb70a-5c38-43de-ac69-9f3fe06b428b",
    "folio" : "SAL-20260409-0020",
    "total" : 141.5,
    "payment_type" : "CASH",
    "reg_borrado" : 1,
    "created_at" : "2026-04-10T03:28:34.379274Z",
    "updated_at" : "2026-04-10T03:28:34.379274Z",
    "items" : [ {
      "id" : "58b67fe9-8bc7-4515-b53b-2c4e8c416ff1",
      "sale_id" : "b2e5a48e-3078-4820-a40f-c71a5e8e4ea0",
      "upc" : "INT-001",
      "product_name" : "Huevo (1kg)",
      "measurement_unit" : "PZA",
      "iva_amount" : 0.0,
      "ieps_amount" : 0.0,
      "quantity" : 2.0,
      "unit_price" : 45.0,
      "subtotal" : 90.0
    }, {
      "id" : "f8ad4b8b-af10-4eb2-b7c7-56a87f260f1e",
      "sale_id" : "b2e5a48e-3078-4820-a40f-c71a5e8e4ea0",
      "upc" : "INT-002",
      "product_name" : "Tortillas (1kg)",
      "measurement_unit" : "PZA",
      "iva_amount" : 0.0,
      "ieps_amount" : 0.0,
      "quantity" : 2.0,
      "unit_price" : 24.0,
      "subtotal" : 48.0
    }, {
      "id" : "7c2e938e-f873-4368-8c43-c6523dfeee00",
      "sale_id" : "b2e5a48e-3078-4820-a40f-c71a5e8e4ea0",
      "upc" : "INT-003",
      "product_name" : "Bolillo (Pza)",
      "measurement_unit" : "PZA",
      "iva_amount" : 0.0,
      "ieps_amount" : 0.0,
      "quantity" : 1.0,
      "unit_price" : 3.5,
      "subtotal" : 3.5
    } ]
  }, {
    "id" : "d12ae8e9-e319-4c25-93b7-41d59f967c31",
    "tenant_id" : "8691f5d8-24f6-4c3d-93a1-0852e9540dae",
    "user_id" : "a4602c27-f504-4eba-bb91-682b7d98ad96",
    "cash_session_id" : "8e5cb70a-5c38-43de-ac69-9f3fe06b428b",
    "folio" : "SAL-20260409-0021",
    "total" : 90.0,
    "payment_type" : "CASH",
    "reg_borrado" : 1,
    "created_at" : "2026-04-10T03:28:47.399969Z",
    "updated_at" : "2026-04-10T03:28:47.399969Z",
    "items" : [ {
      "id" : "23ab9a52-f2cf-4c8b-ac4e-e7850dca9dce",
      "sale_id" : "d12ae8e9-e319-4c25-93b7-41d59f967c31",
      "upc" : "INT-001",
      "product_name" : "Huevo (1kg)",
      "measurement_unit" : "PZA",
      "iva_amount" : 0.0,
      "ieps_amount" : 0.0,
      "quantity" : 2.0,
      "unit_price" : 45.0,
      "subtotal" : 90.0
    } ]
  } ]
}

=========== [ 2026-04-09T23:25:24.488025100-06:00 ] ===========
TENANT_ID: 8691f5d8-24f6-4c3d-93a1-0852e9540dae
RECORDS COUNT: 10
PAYLOAD: 
{
  "tenantId" : "8691f5d8-24f6-4c3d-93a1-0852e9540dae",
  "records" : [ {
    "id" : "61533570-571f-47a8-bf12-7085f7180bf8",
    "tenant_id" : "8691f5d8-24f6-4c3d-93a1-0852e9540dae",
    "user_id" : "a4602c27-f504-4eba-bb91-682b7d98ad96",
    "cash_session_id" : "8e5cb70a-5c38-43de-ac69-9f3fe06b428b",
    "folio" : "SAL-20260409-0012",
    "total" : 5.0,
    "payment_type" : "CASH",
    "reg_borrado" : 1,
    "created_at" : "2026-04-09T11:47:03.032023Z",
    "updated_at" : "2026-04-09T11:47:03.032023Z",
    "items" : [ {
      "id" : "e1c9c259-ae77-443b-a831-1ceccdbc7b0d",
      "sale_id" : "61533570-571f-47a8-bf12-7085f7180bf8",
      "upc" : "7503039601277",
      "product_name" : "lsldmd",
      "measurement_unit" : "PZA",
      "iva_amount" : 0.0,
      "ieps_amount" : 0.0,
      "quantity" : 1.0,
      "unit_price" : 5.0,
      "subtotal" : 5.0
    } ]
  }, {
    "id" : "87985203-4b6c-4c80-8b5d-b55e920d7bd7",
    "tenant_id" : "8691f5d8-24f6-4c3d-93a1-0852e9540dae",
    "user_id" : "a4602c27-f504-4eba-bb91-682b7d98ad96",
    "cash_session_id" : "8e5cb70a-5c38-43de-ac69-9f3fe06b428b",
    "folio" : "SAL-20260409-0013",
    "total" : 5.0,
    "payment_type" : "CASH",
    "reg_borrado" : 1,
    "created_at" : "2026-04-09T11:47:14.933403Z",
    "updated_at" : "2026-04-09T11:47:14.933403Z",
    "items" : [ {
      "id" : "0930c207-9c33-44b8-b011-872a88aa28e4",
      "sale_id" : "87985203-4b6c-4c80-8b5d-b55e920d7bd7",
      "upc" : "7503039601277",
      "product_name" : "lsldmd",
      "measurement_unit" : "PZA",
      "iva_amount" : 0.0,
      "ieps_amount" : 0.0,
      "quantity" : 1.0,
      "unit_price" : 5.0,
      "subtotal" : 5.0
    } ]
  }, {
    "id" : "e0fbaee4-4f2d-46ca-a5b6-18e21ffadf68",
    "tenant_id" : "8691f5d8-24f6-4c3d-93a1-0852e9540dae",
    "user_id" : "a4602c27-f504-4eba-bb91-682b7d98ad96",
    "cash_session_id" : "8e5cb70a-5c38-43de-ac69-9f3fe06b428b",
    "folio" : "SAL-20260409-0014",
    "total" : 5.0,
    "payment_type" : "CASH",
    "reg_borrado" : 1,
    "created_at" : "2026-04-09T11:47:28.402004Z",
    "updated_at" : "2026-04-09T11:47:28.402004Z",
    "items" : [ {
      "id" : "013c48b2-23dc-4dfa-aa2f-ff3cf6049477",
      "sale_id" : "e0fbaee4-4f2d-46ca-a5b6-18e21ffadf68",
      "upc" : "7503039601277",
      "product_name" : "lsldmd",
      "measurement_unit" : "PZA",
      "iva_amount" : 0.0,
      "ieps_amount" : 0.0,
      "quantity" : 1.0,
      "unit_price" : 5.0,
      "subtotal" : 5.0
    } ]
  }, {
    "id" : "655ad33a-a601-44b6-b9de-0ed92abeb955",
    "tenant_id" : "8691f5d8-24f6-4c3d-93a1-0852e9540dae",
    "user_id" : "a4602c27-f504-4eba-bb91-682b7d98ad96",
    "cash_session_id" : "8e5cb70a-5c38-43de-ac69-9f3fe06b428b",
    "folio" : "SAL-20260409-0015",
    "total" : 5.0,
    "payment_type" : "CASH",
    "reg_borrado" : 1,
    "created_at" : "2026-04-09T11:47:38.770874Z",
    "updated_at" : "2026-04-09T11:47:38.770874Z",
    "items" : [ {
      "id" : "7e73bbd4-b5ae-4922-b691-ce8083eb100d",
      "sale_id" : "655ad33a-a601-44b6-b9de-0ed92abeb955",
      "upc" : "7503039601277",
      "product_name" : "lsldmd",
      "measurement_unit" : "PZA",
      "iva_amount" : 0.0,
      "ieps_amount" : 0.0,
      "quantity" : 1.0,
      "unit_price" : 5.0,
      "subtotal" : 5.0
    } ]
  }, {
    "id" : "fddb83aa-da21-4a02-beea-4e7d4388a99c",
    "tenant_id" : "8691f5d8-24f6-4c3d-93a1-0852e9540dae",
    "user_id" : "a4602c27-f504-4eba-bb91-682b7d98ad96",
    "cash_session_id" : "8e5cb70a-5c38-43de-ac69-9f3fe06b428b",
    "folio" : "SAL-20260409-0016",
    "total" : 25.0,
    "payment_type" : "CASH",
    "reg_borrado" : 1,
    "created_at" : "2026-04-09T11:50:13.257831Z",
    "updated_at" : "2026-04-09T11:50:13.257831Z",
    "items" : [ {
      "id" : "a110e63b-a7fc-489e-94ae-68d7dc4209b0",
      "sale_id" : "fddb83aa-da21-4a02-beea-4e7d4388a99c",
      "upc" : "7501055333851",
      "product_name" : "Del Valle Nectar de Durazno",
      "measurement_unit" : "PZA",
      "iva_amount" : 0.0,
      "ieps_amount" : 0.0,
      "quantity" : 1.0,
      "unit_price" : 25.0,
      "subtotal" : 25.0
    } ]
  }, {
    "id" : "74c5c5e4-6107-47e2-8fdb-31015df0d2ef",
    "tenant_id" : "8691f5d8-24f6-4c3d-93a1-0852e9540dae",
    "user_id" : "a4602c27-f504-4eba-bb91-682b7d98ad96",
    "cash_session_id" : "8e5cb70a-5c38-43de-ac69-9f3fe06b428b",
    "folio" : "SAL-20260409-0017",
    "total" : 674.0,
    "payment_type" : "CASH",
    "reg_borrado" : 1,
    "created_at" : "2026-04-09T12:22:02.165261Z",
    "updated_at" : "2026-04-09T12:22:02.165261Z",
    "items" : [ {
      "id" : "d8477bf3-9cd5-4318-9cd5-21ff45e8da74",
      "sale_id" : "74c5c5e4-6107-47e2-8fdb-31015df0d2ef",
      "upc" : "N/A",
      "product_name" : "Tortillas (1kg)",
      "measurement_unit" : "PZA",
      "iva_amount" : 0.0,
      "ieps_amount" : 0.0,
      "quantity" : 26.0,
      "unit_price" : 24.0,
      "subtotal" : 624.0
    }, {
      "id" : "1a0d9b27-d860-409e-95da-502ba38e4b13",
      "sale_id" : "74c5c5e4-6107-47e2-8fdb-31015df0d2ef",
      "upc" : "PRP-719551605",
      "product_name" : "Tacos De Pastor",
      "measurement_unit" : "PZA",
      "iva_amount" : 0.0,
      "ieps_amount" : 0.0,
      "quantity" : 1.0,
      "unit_price" : 25.0,
      "subtotal" : 25.0
    }, {
      "id" : "b6dfbcf7-445e-4094-94eb-1a849495ffcf",
      "sale_id" : "74c5c5e4-6107-47e2-8fdb-31015df0d2ef",
      "upc" : "7501791669276",
      "product_name" : "AU jamón cocido",
      "measurement_unit" : "PZA",
      "iva_amount" : 0.0,
      "ieps_amount" : 0.0,
      "quantity" : 1.0,
      "unit_price" : 25.0,
      "subtotal" : 25.0
    } ]
  }, {
    "id" : "2229d859-5d34-43f7-a75e-b899c284b232",
    "tenant_id" : "8691f5d8-24f6-4c3d-93a1-0852e9540dae",
    "user_id" : "a4602c27-f504-4eba-bb91-682b7d98ad96",
    "cash_session_id" : "8e5cb70a-5c38-43de-ac69-9f3fe06b428b",
    "folio" : "SAL-20260409-0018",
    "total" : 45.0,
    "payment_type" : "CASH",
    "reg_borrado" : 1,
    "created_at" : "2026-04-09T18:36:56.729746Z",
    "updated_at" : "2026-04-09T18:36:56.729746Z",
    "items" : [ {
      "id" : "d4ab66e0-16ed-4ff2-b324-d242c1101990",
      "sale_id" : "2229d859-5d34-43f7-a75e-b899c284b232",
      "upc" : "INT-001",
      "product_name" : "Huevo (1kg)",
      "measurement_unit" : "PZA",
      "iva_amount" : 0.0,
      "ieps_amount" : 0.0,
      "quantity" : 1.0,
      "unit_price" : 45.0,
      "subtotal" : 45.0
    } ]
  }, {
    "id" : "ebb27e26-fb41-448b-af7c-b29ebaff51ca",
    "tenant_id" : "8691f5d8-24f6-4c3d-93a1-0852e9540dae",
    "user_id" : "a4602c27-f504-4eba-bb91-682b7d98ad96",
    "cash_session_id" : "8e5cb70a-5c38-43de-ac69-9f3fe06b428b",
    "folio" : "SAL-20260409-0019",
    "total" : 25.0,
    "payment_type" : "CASH",
    "reg_borrado" : 1,
    "created_at" : "2026-04-09T18:43:02.857810Z",
    "updated_at" : "2026-04-09T18:43:02.857810Z",
    "items" : [ {
      "id" : "5f9c6c2a-58c2-4363-b404-5e28c559fbbf",
      "sale_id" : "ebb27e26-fb41-448b-af7c-b29ebaff51ca",
      "upc" : "7501032925529",
      "product_name" : "ggcv baygo",
      "measurement_unit" : "PZA",
      "iva_amount" : 0.0,
      "ieps_amount" : 0.0,
      "quantity" : 1.0,
      "unit_price" : 25.0,
      "subtotal" : 25.0
    } ]
  }, {
    "id" : "b2e5a48e-3078-4820-a40f-c71a5e8e4ea0",
    "tenant_id" : "8691f5d8-24f6-4c3d-93a1-0852e9540dae",
    "user_id" : "a4602c27-f504-4eba-bb91-682b7d98ad96",
    "cash_session_id" : "8e5cb70a-5c38-43de-ac69-9f3fe06b428b",
    "folio" : "SAL-20260409-0020",
    "total" : 141.5,
    "payment_type" : "CASH",
    "reg_borrado" : 1,
    "created_at" : "2026-04-10T03:28:34.379274Z",
    "updated_at" : "2026-04-10T03:28:34.379274Z",
    "items" : [ {
      "id" : "58b67fe9-8bc7-4515-b53b-2c4e8c416ff1",
      "sale_id" : "b2e5a48e-3078-4820-a40f-c71a5e8e4ea0",
      "upc" : "INT-001",
      "product_name" : "Huevo (1kg)",
      "measurement_unit" : "PZA",
      "iva_amount" : 0.0,
      "ieps_amount" : 0.0,
      "quantity" : 2.0,
      "unit_price" : 45.0,
      "subtotal" : 90.0
    }, {
      "id" : "f8ad4b8b-af10-4eb2-b7c7-56a87f260f1e",
      "sale_id" : "b2e5a48e-3078-4820-a40f-c71a5e8e4ea0",
      "upc" : "INT-002",
      "product_name" : "Tortillas (1kg)",
      "measurement_unit" : "PZA",
      "iva_amount" : 0.0,
      "ieps_amount" : 0.0,
      "quantity" : 2.0,
      "unit_price" : 24.0,
      "subtotal" : 48.0
    }, {
      "id" : "7c2e938e-f873-4368-8c43-c6523dfeee00",
      "sale_id" : "b2e5a48e-3078-4820-a40f-c71a5e8e4ea0",
      "upc" : "INT-003",
      "product_name" : "Bolillo (Pza)",
      "measurement_unit" : "PZA",
      "iva_amount" : 0.0,
      "ieps_amount" : 0.0,
      "quantity" : 1.0,
      "unit_price" : 3.5,
      "subtotal" : 3.5
    } ]
  }, {
    "id" : "d12ae8e9-e319-4c25-93b7-41d59f967c31",
    "tenant_id" : "8691f5d8-24f6-4c3d-93a1-0852e9540dae",
    "user_id" : "a4602c27-f504-4eba-bb91-682b7d98ad96",
    "cash_session_id" : "8e5cb70a-5c38-43de-ac69-9f3fe06b428b",
    "folio" : "SAL-20260409-0021",
    "total" : 90.0,
    "payment_type" : "CASH",
    "reg_borrado" : 1,
    "created_at" : "2026-04-10T03:28:47.399969Z",
    "updated_at" : "2026-04-10T03:28:47.399969Z",
    "items" : [ {
      "id" : "23ab9a52-f2cf-4c8b-ac4e-e7850dca9dce",
      "sale_id" : "d12ae8e9-e319-4c25-93b7-41d59f967c31",
      "upc" : "INT-001",
      "product_name" : "Huevo (1kg)",
      "measurement_unit" : "PZA",
      "iva_amount" : 0.0,
      "ieps_amount" : 0.0,
      "quantity" : 2.0,
      "unit_price" : 45.0,
      "subtotal" : 90.0
    } ]
  } ]
}

=========== [ 2026-04-09T23:34:25.634869900-06:00 ] ===========
TENANT_ID: 8691f5d8-24f6-4c3d-93a1-0852e9540dae
RECORDS COUNT: 10
PAYLOAD: 
{
  "tenantId" : "8691f5d8-24f6-4c3d-93a1-0852e9540dae",
  "records" : [ {
    "id" : "61533570-571f-47a8-bf12-7085f7180bf8",
    "tenant_id" : "8691f5d8-24f6-4c3d-93a1-0852e9540dae",
    "user_id" : "a4602c27-f504-4eba-bb91-682b7d98ad96",
    "cash_session_id" : "8e5cb70a-5c38-43de-ac69-9f3fe06b428b",
    "folio" : "SAL-20260409-0012",
    "total" : 5.0,
    "payment_type" : "CASH",
    "reg_borrado" : 1,
    "created_at" : "2026-04-09T11:47:03.032023Z",
    "updated_at" : "2026-04-09T11:47:03.032023Z",
    "items" : [ {
      "id" : "e1c9c259-ae77-443b-a831-1ceccdbc7b0d",
      "sale_id" : "61533570-571f-47a8-bf12-7085f7180bf8",
      "upc" : "7503039601277",
      "product_name" : "lsldmd",
      "measurement_unit" : "PZA",
      "iva_amount" : 0.0,
      "ieps_amount" : 0.0,
      "quantity" : 1.0,
      "unit_price" : 5.0,
      "subtotal" : 5.0
    } ]
  }, {
    "id" : "87985203-4b6c-4c80-8b5d-b55e920d7bd7",
    "tenant_id" : "8691f5d8-24f6-4c3d-93a1-0852e9540dae",
    "user_id" : "a4602c27-f504-4eba-bb91-682b7d98ad96",
    "cash_session_id" : "8e5cb70a-5c38-43de-ac69-9f3fe06b428b",
    "folio" : "SAL-20260409-0013",
    "total" : 5.0,
    "payment_type" : "CASH",
    "reg_borrado" : 1,
    "created_at" : "2026-04-09T11:47:14.933403Z",
    "updated_at" : "2026-04-09T11:47:14.933403Z",
    "items" : [ {
      "id" : "0930c207-9c33-44b8-b011-872a88aa28e4",
      "sale_id" : "87985203-4b6c-4c80-8b5d-b55e920d7bd7",
      "upc" : "7503039601277",
      "product_name" : "lsldmd",
      "measurement_unit" : "PZA",
      "iva_amount" : 0.0,
      "ieps_amount" : 0.0,
      "quantity" : 1.0,
      "unit_price" : 5.0,
      "subtotal" : 5.0
    } ]
  }, {
    "id" : "e0fbaee4-4f2d-46ca-a5b6-18e21ffadf68",
    "tenant_id" : "8691f5d8-24f6-4c3d-93a1-0852e9540dae",
    "user_id" : "a4602c27-f504-4eba-bb91-682b7d98ad96",
    "cash_session_id" : "8e5cb70a-5c38-43de-ac69-9f3fe06b428b",
    "folio" : "SAL-20260409-0014",
    "total" : 5.0,
    "payment_type" : "CASH",
    "reg_borrado" : 1,
    "created_at" : "2026-04-09T11:47:28.402004Z",
    "updated_at" : "2026-04-09T11:47:28.402004Z",
    "items" : [ {
      "id" : "013c48b2-23dc-4dfa-aa2f-ff3cf6049477",
      "sale_id" : "e0fbaee4-4f2d-46ca-a5b6-18e21ffadf68",
      "upc" : "7503039601277",
      "product_name" : "lsldmd",
      "measurement_unit" : "PZA",
      "iva_amount" : 0.0,
      "ieps_amount" : 0.0,
      "quantity" : 1.0,
      "unit_price" : 5.0,
      "subtotal" : 5.0
    } ]
  }, {
    "id" : "655ad33a-a601-44b6-b9de-0ed92abeb955",
    "tenant_id" : "8691f5d8-24f6-4c3d-93a1-0852e9540dae",
    "user_id" : "a4602c27-f504-4eba-bb91-682b7d98ad96",
    "cash_session_id" : "8e5cb70a-5c38-43de-ac69-9f3fe06b428b",
    "folio" : "SAL-20260409-0015",
    "total" : 5.0,
    "payment_type" : "CASH",
    "reg_borrado" : 1,
    "created_at" : "2026-04-09T11:47:38.770874Z",
    "updated_at" : "2026-04-09T11:47:38.770874Z",
    "items" : [ {
      "id" : "7e73bbd4-b5ae-4922-b691-ce8083eb100d",
      "sale_id" : "655ad33a-a601-44b6-b9de-0ed92abeb955",
      "upc" : "7503039601277",
      "product_name" : "lsldmd",
      "measurement_unit" : "PZA",
      "iva_amount" : 0.0,
      "ieps_amount" : 0.0,
      "quantity" : 1.0,
      "unit_price" : 5.0,
      "subtotal" : 5.0
    } ]
  }, {
    "id" : "fddb83aa-da21-4a02-beea-4e7d4388a99c",
    "tenant_id" : "8691f5d8-24f6-4c3d-93a1-0852e9540dae",
    "user_id" : "a4602c27-f504-4eba-bb91-682b7d98ad96",
    "cash_session_id" : "8e5cb70a-5c38-43de-ac69-9f3fe06b428b",
    "folio" : "SAL-20260409-0016",
    "total" : 25.0,
    "payment_type" : "CASH",
    "reg_borrado" : 1,
    "created_at" : "2026-04-09T11:50:13.257831Z",
    "updated_at" : "2026-04-09T11:50:13.257831Z",
    "items" : [ {
      "id" : "a110e63b-a7fc-489e-94ae-68d7dc4209b0",
      "sale_id" : "fddb83aa-da21-4a02-beea-4e7d4388a99c",
      "upc" : "7501055333851",
      "product_name" : "Del Valle Nectar de Durazno",
      "measurement_unit" : "PZA",
      "iva_amount" : 0.0,
      "ieps_amount" : 0.0,
      "quantity" : 1.0,
      "unit_price" : 25.0,
      "subtotal" : 25.0
    } ]
  }, {
    "id" : "74c5c5e4-6107-47e2-8fdb-31015df0d2ef",
    "tenant_id" : "8691f5d8-24f6-4c3d-93a1-0852e9540dae",
    "user_id" : "a4602c27-f504-4eba-bb91-682b7d98ad96",
    "cash_session_id" : "8e5cb70a-5c38-43de-ac69-9f3fe06b428b",
    "folio" : "SAL-20260409-0017",
    "total" : 674.0,
    "payment_type" : "CASH",
    "reg_borrado" : 1,
    "created_at" : "2026-04-09T12:22:02.165261Z",
    "updated_at" : "2026-04-09T12:22:02.165261Z",
    "items" : [ {
      "id" : "d8477bf3-9cd5-4318-9cd5-21ff45e8da74",
      "sale_id" : "74c5c5e4-6107-47e2-8fdb-31015df0d2ef",
      "upc" : "N/A",
      "product_name" : "Tortillas (1kg)",
      "measurement_unit" : "PZA",
      "iva_amount" : 0.0,
      "ieps_amount" : 0.0,
      "quantity" : 26.0,
      "unit_price" : 24.0,
      "subtotal" : 624.0
    }, {
      "id" : "1a0d9b27-d860-409e-95da-502ba38e4b13",
      "sale_id" : "74c5c5e4-6107-47e2-8fdb-31015df0d2ef",
      "upc" : "PRP-719551605",
      "product_name" : "Tacos De Pastor",
      "measurement_unit" : "PZA",
      "iva_amount" : 0.0,
      "ieps_amount" : 0.0,
      "quantity" : 1.0,
      "unit_price" : 25.0,
      "subtotal" : 25.0
    }, {
      "id" : "b6dfbcf7-445e-4094-94eb-1a849495ffcf",
      "sale_id" : "74c5c5e4-6107-47e2-8fdb-31015df0d2ef",
      "upc" : "7501791669276",
      "product_name" : "AU jamón cocido",
      "measurement_unit" : "PZA",
      "iva_amount" : 0.0,
      "ieps_amount" : 0.0,
      "quantity" : 1.0,
      "unit_price" : 25.0,
      "subtotal" : 25.0
    } ]
  }, {
    "id" : "2229d859-5d34-43f7-a75e-b899c284b232",
    "tenant_id" : "8691f5d8-24f6-4c3d-93a1-0852e9540dae",
    "user_id" : "a4602c27-f504-4eba-bb91-682b7d98ad96",
    "cash_session_id" : "8e5cb70a-5c38-43de-ac69-9f3fe06b428b",
    "folio" : "SAL-20260409-0018",
    "total" : 45.0,
    "payment_type" : "CASH",
    "reg_borrado" : 1,
    "created_at" : "2026-04-09T18:36:56.729746Z",
    "updated_at" : "2026-04-09T18:36:56.729746Z",
    "items" : [ {
      "id" : "d4ab66e0-16ed-4ff2-b324-d242c1101990",
      "sale_id" : "2229d859-5d34-43f7-a75e-b899c284b232",
      "upc" : "INT-001",
      "product_name" : "Huevo (1kg)",
      "measurement_unit" : "PZA",
      "iva_amount" : 0.0,
      "ieps_amount" : 0.0,
      "quantity" : 1.0,
      "unit_price" : 45.0,
      "subtotal" : 45.0
    } ]
  }, {
    "id" : "ebb27e26-fb41-448b-af7c-b29ebaff51ca",
    "tenant_id" : "8691f5d8-24f6-4c3d-93a1-0852e9540dae",
    "user_id" : "a4602c27-f504-4eba-bb91-682b7d98ad96",
    "cash_session_id" : "8e5cb70a-5c38-43de-ac69-9f3fe06b428b",
    "folio" : "SAL-20260409-0019",
    "total" : 25.0,
    "payment_type" : "CASH",
    "reg_borrado" : 1,
    "created_at" : "2026-04-09T18:43:02.857810Z",
    "updated_at" : "2026-04-09T18:43:02.857810Z",
    "items" : [ {
      "id" : "5f9c6c2a-58c2-4363-b404-5e28c559fbbf",
      "sale_id" : "ebb27e26-fb41-448b-af7c-b29ebaff51ca",
      "upc" : "7501032925529",
      "product_name" : "ggcv baygo",
      "measurement_unit" : "PZA",
      "iva_amount" : 0.0,
      "ieps_amount" : 0.0,
      "quantity" : 1.0,
      "unit_price" : 25.0,
      "subtotal" : 25.0
    } ]
  }, {
    "id" : "b2e5a48e-3078-4820-a40f-c71a5e8e4ea0",
    "tenant_id" : "8691f5d8-24f6-4c3d-93a1-0852e9540dae",
    "user_id" : "a4602c27-f504-4eba-bb91-682b7d98ad96",
    "cash_session_id" : "8e5cb70a-5c38-43de-ac69-9f3fe06b428b",
    "folio" : "SAL-20260409-0020",
    "total" : 141.5,
    "payment_type" : "CASH",
    "reg_borrado" : 1,
    "created_at" : "2026-04-10T03:28:34.379274Z",
    "updated_at" : "2026-04-10T03:28:34.379274Z",
    "items" : [ {
      "id" : "58b67fe9-8bc7-4515-b53b-2c4e8c416ff1",
      "sale_id" : "b2e5a48e-3078-4820-a40f-c71a5e8e4ea0",
      "upc" : "INT-001",
      "product_name" : "Huevo (1kg)",
      "measurement_unit" : "PZA",
      "iva_amount" : 0.0,
      "ieps_amount" : 0.0,
      "quantity" : 2.0,
      "unit_price" : 45.0,
      "subtotal" : 90.0
    }, {
      "id" : "f8ad4b8b-af10-4eb2-b7c7-56a87f260f1e",
      "sale_id" : "b2e5a48e-3078-4820-a40f-c71a5e8e4ea0",
      "upc" : "INT-002",
      "product_name" : "Tortillas (1kg)",
      "measurement_unit" : "PZA",
      "iva_amount" : 0.0,
      "ieps_amount" : 0.0,
      "quantity" : 2.0,
      "unit_price" : 24.0,
      "subtotal" : 48.0
    }, {
      "id" : "7c2e938e-f873-4368-8c43-c6523dfeee00",
      "sale_id" : "b2e5a48e-3078-4820-a40f-c71a5e8e4ea0",
      "upc" : "INT-003",
      "product_name" : "Bolillo (Pza)",
      "measurement_unit" : "PZA",
      "iva_amount" : 0.0,
      "ieps_amount" : 0.0,
      "quantity" : 1.0,
      "unit_price" : 3.5,
      "subtotal" : 3.5
    } ]
  }, {
    "id" : "d12ae8e9-e319-4c25-93b7-41d59f967c31",
    "tenant_id" : "8691f5d8-24f6-4c3d-93a1-0852e9540dae",
    "user_id" : "a4602c27-f504-4eba-bb91-682b7d98ad96",
    "cash_session_id" : "8e5cb70a-5c38-43de-ac69-9f3fe06b428b",
    "folio" : "SAL-20260409-0021",
    "total" : 90.0,
    "payment_type" : "CASH",
    "reg_borrado" : 1,
    "created_at" : "2026-04-10T03:28:47.399969Z",
    "updated_at" : "2026-04-10T03:28:47.399969Z",
    "items" : [ {
      "id" : "23ab9a52-f2cf-4c8b-ac4e-e7850dca9dce",
      "sale_id" : "d12ae8e9-e319-4c25-93b7-41d59f967c31",
      "upc" : "INT-001",
      "product_name" : "Huevo (1kg)",
      "measurement_unit" : "PZA",
      "iva_amount" : 0.0,
      "ieps_amount" : 0.0,
      "quantity" : 2.0,
      "unit_price" : 45.0,
      "subtotal" : 90.0
    } ]
  } ]
}

=========== [ 2026-04-09T23:35:46.736183300-06:00 ] ===========
TENANT_ID: 8691f5d8-24f6-4c3d-93a1-0852e9540dae
RECORDS COUNT: 10
PAYLOAD: 
{
  "tenantId" : "8691f5d8-24f6-4c3d-93a1-0852e9540dae",
  "records" : [ {
    "id" : "61533570-571f-47a8-bf12-7085f7180bf8",
    "tenant_id" : "8691f5d8-24f6-4c3d-93a1-0852e9540dae",
    "user_id" : "a4602c27-f504-4eba-bb91-682b7d98ad96",
    "cash_session_id" : "8e5cb70a-5c38-43de-ac69-9f3fe06b428b",
    "folio" : "SAL-20260409-0012",
    "total" : 5.0,
    "payment_type" : "CASH",
    "reg_borrado" : 1,
    "created_at" : "2026-04-09T11:47:03.032023Z",
    "updated_at" : "2026-04-09T11:47:03.032023Z",
    "items" : [ {
      "id" : "e1c9c259-ae77-443b-a831-1ceccdbc7b0d",
      "sale_id" : "61533570-571f-47a8-bf12-7085f7180bf8",
      "upc" : "7503039601277",
      "product_name" : "lsldmd",
      "measurement_unit" : "PZA",
      "iva_amount" : 0.0,
      "ieps_amount" : 0.0,
      "quantity" : 1.0,
      "unit_price" : 5.0,
      "subtotal" : 5.0
    } ]
  }, {
    "id" : "87985203-4b6c-4c80-8b5d-b55e920d7bd7",
    "tenant_id" : "8691f5d8-24f6-4c3d-93a1-0852e9540dae",
    "user_id" : "a4602c27-f504-4eba-bb91-682b7d98ad96",
    "cash_session_id" : "8e5cb70a-5c38-43de-ac69-9f3fe06b428b",
    "folio" : "SAL-20260409-0013",
    "total" : 5.0,
    "payment_type" : "CASH",
    "reg_borrado" : 1,
    "created_at" : "2026-04-09T11:47:14.933403Z",
    "updated_at" : "2026-04-09T11:47:14.933403Z",
    "items" : [ {
      "id" : "0930c207-9c33-44b8-b011-872a88aa28e4",
      "sale_id" : "87985203-4b6c-4c80-8b5d-b55e920d7bd7",
      "upc" : "7503039601277",
      "product_name" : "lsldmd",
      "measurement_unit" : "PZA",
      "iva_amount" : 0.0,
      "ieps_amount" : 0.0,
      "quantity" : 1.0,
      "unit_price" : 5.0,
      "subtotal" : 5.0
    } ]
  }, {
    "id" : "e0fbaee4-4f2d-46ca-a5b6-18e21ffadf68",
    "tenant_id" : "8691f5d8-24f6-4c3d-93a1-0852e9540dae",
    "user_id" : "a4602c27-f504-4eba-bb91-682b7d98ad96",
    "cash_session_id" : "8e5cb70a-5c38-43de-ac69-9f3fe06b428b",
    "folio" : "SAL-20260409-0014",
    "total" : 5.0,
    "payment_type" : "CASH",
    "reg_borrado" : 1,
    "created_at" : "2026-04-09T11:47:28.402004Z",
    "updated_at" : "2026-04-09T11:47:28.402004Z",
    "items" : [ {
      "id" : "013c48b2-23dc-4dfa-aa2f-ff3cf6049477",
      "sale_id" : "e0fbaee4-4f2d-46ca-a5b6-18e21ffadf68",
      "upc" : "7503039601277",
      "product_name" : "lsldmd",
      "measurement_unit" : "PZA",
      "iva_amount" : 0.0,
      "ieps_amount" : 0.0,
      "quantity" : 1.0,
      "unit_price" : 5.0,
      "subtotal" : 5.0
    } ]
  }, {
    "id" : "655ad33a-a601-44b6-b9de-0ed92abeb955",
    "tenant_id" : "8691f5d8-24f6-4c3d-93a1-0852e9540dae",
    "user_id" : "a4602c27-f504-4eba-bb91-682b7d98ad96",
    "cash_session_id" : "8e5cb70a-5c38-43de-ac69-9f3fe06b428b",
    "folio" : "SAL-20260409-0015",
    "total" : 5.0,
    "payment_type" : "CASH",
    "reg_borrado" : 1,
    "created_at" : "2026-04-09T11:47:38.770874Z",
    "updated_at" : "2026-04-09T11:47:38.770874Z",
    "items" : [ {
      "id" : "7e73bbd4-b5ae-4922-b691-ce8083eb100d",
      "sale_id" : "655ad33a-a601-44b6-b9de-0ed92abeb955",
      "upc" : "7503039601277",
      "product_name" : "lsldmd",
      "measurement_unit" : "PZA",
      "iva_amount" : 0.0,
      "ieps_amount" : 0.0,
      "quantity" : 1.0,
      "unit_price" : 5.0,
      "subtotal" : 5.0
    } ]
  }, {
    "id" : "fddb83aa-da21-4a02-beea-4e7d4388a99c",
    "tenant_id" : "8691f5d8-24f6-4c3d-93a1-0852e9540dae",
    "user_id" : "a4602c27-f504-4eba-bb91-682b7d98ad96",
    "cash_session_id" : "8e5cb70a-5c38-43de-ac69-9f3fe06b428b",
    "folio" : "SAL-20260409-0016",
    "total" : 25.0,
    "payment_type" : "CASH",
    "reg_borrado" : 1,
    "created_at" : "2026-04-09T11:50:13.257831Z",
    "updated_at" : "2026-04-09T11:50:13.257831Z",
    "items" : [ {
      "id" : "a110e63b-a7fc-489e-94ae-68d7dc4209b0",
      "sale_id" : "fddb83aa-da21-4a02-beea-4e7d4388a99c",
      "upc" : "7501055333851",
      "product_name" : "Del Valle Nectar de Durazno",
      "measurement_unit" : "PZA",
      "iva_amount" : 0.0,
      "ieps_amount" : 0.0,
      "quantity" : 1.0,
      "unit_price" : 25.0,
      "subtotal" : 25.0
    } ]
  }, {
    "id" : "74c5c5e4-6107-47e2-8fdb-31015df0d2ef",
    "tenant_id" : "8691f5d8-24f6-4c3d-93a1-0852e9540dae",
    "user_id" : "a4602c27-f504-4eba-bb91-682b7d98ad96",
    "cash_session_id" : "8e5cb70a-5c38-43de-ac69-9f3fe06b428b",
    "folio" : "SAL-20260409-0017",
    "total" : 674.0,
    "payment_type" : "CASH",
    "reg_borrado" : 1,
    "created_at" : "2026-04-09T12:22:02.165261Z",
    "updated_at" : "2026-04-09T12:22:02.165261Z",
    "items" : [ {
      "id" : "d8477bf3-9cd5-4318-9cd5-21ff45e8da74",
      "sale_id" : "74c5c5e4-6107-47e2-8fdb-31015df0d2ef",
      "upc" : "N/A",
      "product_name" : "Tortillas (1kg)",
      "measurement_unit" : "PZA",
      "iva_amount" : 0.0,
      "ieps_amount" : 0.0,
      "quantity" : 26.0,
      "unit_price" : 24.0,
      "subtotal" : 624.0
    }, {
      "id" : "1a0d9b27-d860-409e-95da-502ba38e4b13",
      "sale_id" : "74c5c5e4-6107-47e2-8fdb-31015df0d2ef",
      "upc" : "PRP-719551605",
      "product_name" : "Tacos De Pastor",
      "measurement_unit" : "PZA",
      "iva_amount" : 0.0,
      "ieps_amount" : 0.0,
      "quantity" : 1.0,
      "unit_price" : 25.0,
      "subtotal" : 25.0
    }, {
      "id" : "b6dfbcf7-445e-4094-94eb-1a849495ffcf",
      "sale_id" : "74c5c5e4-6107-47e2-8fdb-31015df0d2ef",
      "upc" : "7501791669276",
      "product_name" : "AU jamón cocido",
      "measurement_unit" : "PZA",
      "iva_amount" : 0.0,
      "ieps_amount" : 0.0,
      "quantity" : 1.0,
      "unit_price" : 25.0,
      "subtotal" : 25.0
    } ]
  }, {
    "id" : "2229d859-5d34-43f7-a75e-b899c284b232",
    "tenant_id" : "8691f5d8-24f6-4c3d-93a1-0852e9540dae",
    "user_id" : "a4602c27-f504-4eba-bb91-682b7d98ad96",
    "cash_session_id" : "8e5cb70a-5c38-43de-ac69-9f3fe06b428b",
    "folio" : "SAL-20260409-0018",
    "total" : 45.0,
    "payment_type" : "CASH",
    "reg_borrado" : 1,
    "created_at" : "2026-04-09T18:36:56.729746Z",
    "updated_at" : "2026-04-09T18:36:56.729746Z",
    "items" : [ {
      "id" : "d4ab66e0-16ed-4ff2-b324-d242c1101990",
      "sale_id" : "2229d859-5d34-43f7-a75e-b899c284b232",
      "upc" : "INT-001",
      "product_name" : "Huevo (1kg)",
      "measurement_unit" : "PZA",
      "iva_amount" : 0.0,
      "ieps_amount" : 0.0,
      "quantity" : 1.0,
      "unit_price" : 45.0,
      "subtotal" : 45.0
    } ]
  }, {
    "id" : "ebb27e26-fb41-448b-af7c-b29ebaff51ca",
    "tenant_id" : "8691f5d8-24f6-4c3d-93a1-0852e9540dae",
    "user_id" : "a4602c27-f504-4eba-bb91-682b7d98ad96",
    "cash_session_id" : "8e5cb70a-5c38-43de-ac69-9f3fe06b428b",
    "folio" : "SAL-20260409-0019",
    "total" : 25.0,
    "payment_type" : "CASH",
    "reg_borrado" : 1,
    "created_at" : "2026-04-09T18:43:02.857810Z",
    "updated_at" : "2026-04-09T18:43:02.857810Z",
    "items" : [ {
      "id" : "5f9c6c2a-58c2-4363-b404-5e28c559fbbf",
      "sale_id" : "ebb27e26-fb41-448b-af7c-b29ebaff51ca",
      "upc" : "7501032925529",
      "product_name" : "ggcv baygo",
      "measurement_unit" : "PZA",
      "iva_amount" : 0.0,
      "ieps_amount" : 0.0,
      "quantity" : 1.0,
      "unit_price" : 25.0,
      "subtotal" : 25.0
    } ]
  }, {
    "id" : "b2e5a48e-3078-4820-a40f-c71a5e8e4ea0",
    "tenant_id" : "8691f5d8-24f6-4c3d-93a1-0852e9540dae",
    "user_id" : "a4602c27-f504-4eba-bb91-682b7d98ad96",
    "cash_session_id" : "8e5cb70a-5c38-43de-ac69-9f3fe06b428b",
    "folio" : "SAL-20260409-0020",
    "total" : 141.5,
    "payment_type" : "CASH",
    "reg_borrado" : 1,
    "created_at" : "2026-04-10T03:28:34.379274Z",
    "updated_at" : "2026-04-10T03:28:34.379274Z",
    "items" : [ {
      "id" : "58b67fe9-8bc7-4515-b53b-2c4e8c416ff1",
      "sale_id" : "b2e5a48e-3078-4820-a40f-c71a5e8e4ea0",
      "upc" : "INT-001",
      "product_name" : "Huevo (1kg)",
      "measurement_unit" : "PZA",
      "iva_amount" : 0.0,
      "ieps_amount" : 0.0,
      "quantity" : 2.0,
      "unit_price" : 45.0,
      "subtotal" : 90.0
    }, {
      "id" : "f8ad4b8b-af10-4eb2-b7c7-56a87f260f1e",
      "sale_id" : "b2e5a48e-3078-4820-a40f-c71a5e8e4ea0",
      "upc" : "INT-002",
      "product_name" : "Tortillas (1kg)",
      "measurement_unit" : "PZA",
      "iva_amount" : 0.0,
      "ieps_amount" : 0.0,
      "quantity" : 2.0,
      "unit_price" : 24.0,
      "subtotal" : 48.0
    }, {
      "id" : "7c2e938e-f873-4368-8c43-c6523dfeee00",
      "sale_id" : "b2e5a48e-3078-4820-a40f-c71a5e8e4ea0",
      "upc" : "INT-003",
      "product_name" : "Bolillo (Pza)",
      "measurement_unit" : "PZA",
      "iva_amount" : 0.0,
      "ieps_amount" : 0.0,
      "quantity" : 1.0,
      "unit_price" : 3.5,
      "subtotal" : 3.5
    } ]
  }, {
    "id" : "d12ae8e9-e319-4c25-93b7-41d59f967c31",
    "tenant_id" : "8691f5d8-24f6-4c3d-93a1-0852e9540dae",
    "user_id" : "a4602c27-f504-4eba-bb91-682b7d98ad96",
    "cash_session_id" : "8e5cb70a-5c38-43de-ac69-9f3fe06b428b",
    "folio" : "SAL-20260409-0021",
    "total" : 90.0,
    "payment_type" : "CASH",
    "reg_borrado" : 1,
    "created_at" : "2026-04-10T03:28:47.399969Z",
    "updated_at" : "2026-04-10T03:28:47.399969Z",
    "items" : [ {
      "id" : "23ab9a52-f2cf-4c8b-ac4e-e7850dca9dce",
      "sale_id" : "d12ae8e9-e319-4c25-93b7-41d59f967c31",
      "upc" : "INT-001",
      "product_name" : "Huevo (1kg)",
      "measurement_unit" : "PZA",
      "iva_amount" : 0.0,
      "ieps_amount" : 0.0,
      "quantity" : 2.0,
      "unit_price" : 45.0,
      "subtotal" : 90.0
    } ]
  } ]
}

=========== [ 2026-04-09T23:37:23.330755-06:00 ] ===========
TENANT_ID: 8691f5d8-24f6-4c3d-93a1-0852e9540dae
RECORDS COUNT: 10
PAYLOAD: 
{
  "tenantId" : "8691f5d8-24f6-4c3d-93a1-0852e9540dae",
  "records" : [ {
    "id" : "61533570-571f-47a8-bf12-7085f7180bf8",
    "tenant_id" : "8691f5d8-24f6-4c3d-93a1-0852e9540dae",
    "user_id" : "a4602c27-f504-4eba-bb91-682b7d98ad96",
    "cash_session_id" : "8e5cb70a-5c38-43de-ac69-9f3fe06b428b",
    "folio" : "SAL-20260409-0012",
    "total" : 5.0,
    "payment_type" : "CASH",
    "reg_borrado" : 1,
    "created_at" : "2026-04-09T11:47:03.032023Z",
    "updated_at" : "2026-04-09T11:47:03.032023Z",
    "items" : [ {
      "id" : "e1c9c259-ae77-443b-a831-1ceccdbc7b0d",
      "sale_id" : "61533570-571f-47a8-bf12-7085f7180bf8",
      "upc" : "7503039601277",
      "product_name" : "lsldmd",
      "measurement_unit" : "PZA",
      "iva_amount" : 0.0,
      "ieps_amount" : 0.0,
      "quantity" : 1.0,
      "unit_price" : 5.0,
      "subtotal" : 5.0
    } ]
  }, {
    "id" : "87985203-4b6c-4c80-8b5d-b55e920d7bd7",
    "tenant_id" : "8691f5d8-24f6-4c3d-93a1-0852e9540dae",
    "user_id" : "a4602c27-f504-4eba-bb91-682b7d98ad96",
    "cash_session_id" : "8e5cb70a-5c38-43de-ac69-9f3fe06b428b",
    "folio" : "SAL-20260409-0013",
    "total" : 5.0,
    "payment_type" : "CASH",
    "reg_borrado" : 1,
    "created_at" : "2026-04-09T11:47:14.933403Z",
    "updated_at" : "2026-04-09T11:47:14.933403Z",
    "items" : [ {
      "id" : "0930c207-9c33-44b8-b011-872a88aa28e4",
      "sale_id" : "87985203-4b6c-4c80-8b5d-b55e920d7bd7",
      "upc" : "7503039601277",
      "product_name" : "lsldmd",
      "measurement_unit" : "PZA",
      "iva_amount" : 0.0,
      "ieps_amount" : 0.0,
      "quantity" : 1.0,
      "unit_price" : 5.0,
      "subtotal" : 5.0
    } ]
  }, {
    "id" : "e0fbaee4-4f2d-46ca-a5b6-18e21ffadf68",
    "tenant_id" : "8691f5d8-24f6-4c3d-93a1-0852e9540dae",
    "user_id" : "a4602c27-f504-4eba-bb91-682b7d98ad96",
    "cash_session_id" : "8e5cb70a-5c38-43de-ac69-9f3fe06b428b",
    "folio" : "SAL-20260409-0014",
    "total" : 5.0,
    "payment_type" : "CASH",
    "reg_borrado" : 1,
    "created_at" : "2026-04-09T11:47:28.402004Z",
    "updated_at" : "2026-04-09T11:47:28.402004Z",
    "items" : [ {
      "id" : "013c48b2-23dc-4dfa-aa2f-ff3cf6049477",
      "sale_id" : "e0fbaee4-4f2d-46ca-a5b6-18e21ffadf68",
      "upc" : "7503039601277",
      "product_name" : "lsldmd",
      "measurement_unit" : "PZA",
      "iva_amount" : 0.0,
      "ieps_amount" : 0.0,
      "quantity" : 1.0,
      "unit_price" : 5.0,
      "subtotal" : 5.0
    } ]
  }, {
    "id" : "655ad33a-a601-44b6-b9de-0ed92abeb955",
    "tenant_id" : "8691f5d8-24f6-4c3d-93a1-0852e9540dae",
    "user_id" : "a4602c27-f504-4eba-bb91-682b7d98ad96",
    "cash_session_id" : "8e5cb70a-5c38-43de-ac69-9f3fe06b428b",
    "folio" : "SAL-20260409-0015",
    "total" : 5.0,
    "payment_type" : "CASH",
    "reg_borrado" : 1,
    "created_at" : "2026-04-09T11:47:38.770874Z",
    "updated_at" : "2026-04-09T11:47:38.770874Z",
    "items" : [ {
      "id" : "7e73bbd4-b5ae-4922-b691-ce8083eb100d",
      "sale_id" : "655ad33a-a601-44b6-b9de-0ed92abeb955",
      "upc" : "7503039601277",
      "product_name" : "lsldmd",
      "measurement_unit" : "PZA",
      "iva_amount" : 0.0,
      "ieps_amount" : 0.0,
      "quantity" : 1.0,
      "unit_price" : 5.0,
      "subtotal" : 5.0
    } ]
  }, {
    "id" : "fddb83aa-da21-4a02-beea-4e7d4388a99c",
    "tenant_id" : "8691f5d8-24f6-4c3d-93a1-0852e9540dae",
    "user_id" : "a4602c27-f504-4eba-bb91-682b7d98ad96",
    "cash_session_id" : "8e5cb70a-5c38-43de-ac69-9f3fe06b428b",
    "folio" : "SAL-20260409-0016",
    "total" : 25.0,
    "payment_type" : "CASH",
    "reg_borrado" : 1,
    "created_at" : "2026-04-09T11:50:13.257831Z",
    "updated_at" : "2026-04-09T11:50:13.257831Z",
    "items" : [ {
      "id" : "a110e63b-a7fc-489e-94ae-68d7dc4209b0",
      "sale_id" : "fddb83aa-da21-4a02-beea-4e7d4388a99c",
      "upc" : "7501055333851",
      "product_name" : "Del Valle Nectar de Durazno",
      "measurement_unit" : "PZA",
      "iva_amount" : 0.0,
      "ieps_amount" : 0.0,
      "quantity" : 1.0,
      "unit_price" : 25.0,
      "subtotal" : 25.0
    } ]
  }, {
    "id" : "74c5c5e4-6107-47e2-8fdb-31015df0d2ef",
    "tenant_id" : "8691f5d8-24f6-4c3d-93a1-0852e9540dae",
    "user_id" : "a4602c27-f504-4eba-bb91-682b7d98ad96",
    "cash_session_id" : "8e5cb70a-5c38-43de-ac69-9f3fe06b428b",
    "folio" : "SAL-20260409-0017",
    "total" : 674.0,
    "payment_type" : "CASH",
    "reg_borrado" : 1,
    "created_at" : "2026-04-09T12:22:02.165261Z",
    "updated_at" : "2026-04-09T12:22:02.165261Z",
    "items" : [ {
      "id" : "d8477bf3-9cd5-4318-9cd5-21ff45e8da74",
      "sale_id" : "74c5c5e4-6107-47e2-8fdb-31015df0d2ef",
      "upc" : "N/A",
      "product_name" : "Tortillas (1kg)",
      "measurement_unit" : "PZA",
      "iva_amount" : 0.0,
      "ieps_amount" : 0.0,
      "quantity" : 26.0,
      "unit_price" : 24.0,
      "subtotal" : 624.0
    }, {
      "id" : "1a0d9b27-d860-409e-95da-502ba38e4b13",
      "sale_id" : "74c5c5e4-6107-47e2-8fdb-31015df0d2ef",
      "upc" : "PRP-719551605",
      "product_name" : "Tacos De Pastor",
      "measurement_unit" : "PZA",
      "iva_amount" : 0.0,
      "ieps_amount" : 0.0,
      "quantity" : 1.0,
      "unit_price" : 25.0,
      "subtotal" : 25.0
    }, {
      "id" : "b6dfbcf7-445e-4094-94eb-1a849495ffcf",
      "sale_id" : "74c5c5e4-6107-47e2-8fdb-31015df0d2ef",
      "upc" : "7501791669276",
      "product_name" : "AU jamón cocido",
      "measurement_unit" : "PZA",
      "iva_amount" : 0.0,
      "ieps_amount" : 0.0,
      "quantity" : 1.0,
      "unit_price" : 25.0,
      "subtotal" : 25.0
    } ]
  }, {
    "id" : "2229d859-5d34-43f7-a75e-b899c284b232",
    "tenant_id" : "8691f5d8-24f6-4c3d-93a1-0852e9540dae",
    "user_id" : "a4602c27-f504-4eba-bb91-682b7d98ad96",
    "cash_session_id" : "8e5cb70a-5c38-43de-ac69-9f3fe06b428b",
    "folio" : "SAL-20260409-0018",
    "total" : 45.0,
    "payment_type" : "CASH",
    "reg_borrado" : 1,
    "created_at" : "2026-04-09T18:36:56.729746Z",
    "updated_at" : "2026-04-09T18:36:56.729746Z",
    "items" : [ {
      "id" : "d4ab66e0-16ed-4ff2-b324-d242c1101990",
      "sale_id" : "2229d859-5d34-43f7-a75e-b899c284b232",
      "upc" : "INT-001",
      "product_name" : "Huevo (1kg)",
      "measurement_unit" : "PZA",
      "iva_amount" : 0.0,
      "ieps_amount" : 0.0,
      "quantity" : 1.0,
      "unit_price" : 45.0,
      "subtotal" : 45.0
    } ]
  }, {
    "id" : "ebb27e26-fb41-448b-af7c-b29ebaff51ca",
    "tenant_id" : "8691f5d8-24f6-4c3d-93a1-0852e9540dae",
    "user_id" : "a4602c27-f504-4eba-bb91-682b7d98ad96",
    "cash_session_id" : "8e5cb70a-5c38-43de-ac69-9f3fe06b428b",
    "folio" : "SAL-20260409-0019",
    "total" : 25.0,
    "payment_type" : "CASH",
    "reg_borrado" : 1,
    "created_at" : "2026-04-09T18:43:02.857810Z",
    "updated_at" : "2026-04-09T18:43:02.857810Z",
    "items" : [ {
      "id" : "5f9c6c2a-58c2-4363-b404-5e28c559fbbf",
      "sale_id" : "ebb27e26-fb41-448b-af7c-b29ebaff51ca",
      "upc" : "7501032925529",
      "product_name" : "ggcv baygo",
      "measurement_unit" : "PZA",
      "iva_amount" : 0.0,
      "ieps_amount" : 0.0,
      "quantity" : 1.0,
      "unit_price" : 25.0,
      "subtotal" : 25.0
    } ]
  }, {
    "id" : "b2e5a48e-3078-4820-a40f-c71a5e8e4ea0",
    "tenant_id" : "8691f5d8-24f6-4c3d-93a1-0852e9540dae",
    "user_id" : "a4602c27-f504-4eba-bb91-682b7d98ad96",
    "cash_session_id" : "8e5cb70a-5c38-43de-ac69-9f3fe06b428b",
    "folio" : "SAL-20260409-0020",
    "total" : 141.5,
    "payment_type" : "CASH",
    "reg_borrado" : 1,
    "created_at" : "2026-04-10T03:28:34.379274Z",
    "updated_at" : "2026-04-10T03:28:34.379274Z",
    "items" : [ {
      "id" : "58b67fe9-8bc7-4515-b53b-2c4e8c416ff1",
      "sale_id" : "b2e5a48e-3078-4820-a40f-c71a5e8e4ea0",
      "upc" : "INT-001",
      "product_name" : "Huevo (1kg)",
      "measurement_unit" : "PZA",
      "iva_amount" : 0.0,
      "ieps_amount" : 0.0,
      "quantity" : 2.0,
      "unit_price" : 45.0,
      "subtotal" : 90.0
    }, {
      "id" : "f8ad4b8b-af10-4eb2-b7c7-56a87f260f1e",
      "sale_id" : "b2e5a48e-3078-4820-a40f-c71a5e8e4ea0",
      "upc" : "INT-002",
      "product_name" : "Tortillas (1kg)",
      "measurement_unit" : "PZA",
      "iva_amount" : 0.0,
      "ieps_amount" : 0.0,
      "quantity" : 2.0,
      "unit_price" : 24.0,
      "subtotal" : 48.0
    }, {
      "id" : "7c2e938e-f873-4368-8c43-c6523dfeee00",
      "sale_id" : "b2e5a48e-3078-4820-a40f-c71a5e8e4ea0",
      "upc" : "INT-003",
      "product_name" : "Bolillo (Pza)",
      "measurement_unit" : "PZA",
      "iva_amount" : 0.0,
      "ieps_amount" : 0.0,
      "quantity" : 1.0,
      "unit_price" : 3.5,
      "subtotal" : 3.5
    } ]
  }, {
    "id" : "d12ae8e9-e319-4c25-93b7-41d59f967c31",
    "tenant_id" : "8691f5d8-24f6-4c3d-93a1-0852e9540dae",
    "user_id" : "a4602c27-f504-4eba-bb91-682b7d98ad96",
    "cash_session_id" : "8e5cb70a-5c38-43de-ac69-9f3fe06b428b",
    "folio" : "SAL-20260409-0021",
    "total" : 90.0,
    "payment_type" : "CASH",
    "reg_borrado" : 1,
    "created_at" : "2026-04-10T03:28:47.399969Z",
    "updated_at" : "2026-04-10T03:28:47.399969Z",
    "items" : [ {
      "id" : "23ab9a52-f2cf-4c8b-ac4e-e7850dca9dce",
      "sale_id" : "d12ae8e9-e319-4c25-93b7-41d59f967c31",
      "upc" : "INT-001",
      "product_name" : "Huevo (1kg)",
      "measurement_unit" : "PZA",
      "iva_amount" : 0.0,
      "ieps_amount" : 0.0,
      "quantity" : 2.0,
      "unit_price" : 45.0,
      "subtotal" : 90.0
    } ]
  } ]
}

=========== [ 2026-04-09T23:40:46.401008300-06:00 ] ===========
TENANT_ID: 8691f5d8-24f6-4c3d-93a1-0852e9540dae
RECORDS COUNT: 10
PAYLOAD: 
{
  "tenantId" : "8691f5d8-24f6-4c3d-93a1-0852e9540dae",
  "records" : [ {
    "id" : "61533570-571f-47a8-bf12-7085f7180bf8",
    "tenant_id" : "8691f5d8-24f6-4c3d-93a1-0852e9540dae",
    "user_id" : "a4602c27-f504-4eba-bb91-682b7d98ad96",
    "cash_session_id" : "8e5cb70a-5c38-43de-ac69-9f3fe06b428b",
    "folio" : "SAL-20260409-0012",
    "total" : 5.0,
    "payment_type" : "CASH",
    "regBorrado" : 1,
    "createdAt" : "2026-04-09T11:47:03.032023Z",
    "updatedAt" : "2026-04-09T11:47:03.032023Z",
    "items" : [ {
      "id" : "e1c9c259-ae77-443b-a831-1ceccdbc7b0d",
      "sale_id" : "61533570-571f-47a8-bf12-7085f7180bf8",
      "upc" : "7503039601277",
      "product_name" : "lsldmd",
      "iva_amount" : 0.0,
      "ieps_amount" : 0.0,
      "quantity" : 1.0,
      "unit_price" : 5.0,
      "subtotal" : 5.0,
      "measurementUnit" : "PZA"
    } ]
  }, {
    "id" : "87985203-4b6c-4c80-8b5d-b55e920d7bd7",
    "tenant_id" : "8691f5d8-24f6-4c3d-93a1-0852e9540dae",
    "user_id" : "a4602c27-f504-4eba-bb91-682b7d98ad96",
    "cash_session_id" : "8e5cb70a-5c38-43de-ac69-9f3fe06b428b",
    "folio" : "SAL-20260409-0013",
    "total" : 5.0,
    "payment_type" : "CASH",
    "regBorrado" : 1,
    "createdAt" : "2026-04-09T11:47:14.933403Z",
    "updatedAt" : "2026-04-09T11:47:14.933403Z",
    "items" : [ {
      "id" : "0930c207-9c33-44b8-b011-872a88aa28e4",
      "sale_id" : "87985203-4b6c-4c80-8b5d-b55e920d7bd7",
      "upc" : "7503039601277",
      "product_name" : "lsldmd",
      "iva_amount" : 0.0,
      "ieps_amount" : 0.0,
      "quantity" : 1.0,
      "unit_price" : 5.0,
      "subtotal" : 5.0,
      "measurementUnit" : "PZA"
    } ]
  }, {
    "id" : "e0fbaee4-4f2d-46ca-a5b6-18e21ffadf68",
    "tenant_id" : "8691f5d8-24f6-4c3d-93a1-0852e9540dae",
    "user_id" : "a4602c27-f504-4eba-bb91-682b7d98ad96",
    "cash_session_id" : "8e5cb70a-5c38-43de-ac69-9f3fe06b428b",
    "folio" : "SAL-20260409-0014",
    "total" : 5.0,
    "payment_type" : "CASH",
    "regBorrado" : 1,
    "createdAt" : "2026-04-09T11:47:28.402004Z",
    "updatedAt" : "2026-04-09T11:47:28.402004Z",
    "items" : [ {
      "id" : "013c48b2-23dc-4dfa-aa2f-ff3cf6049477",
      "sale_id" : "e0fbaee4-4f2d-46ca-a5b6-18e21ffadf68",
      "upc" : "7503039601277",
      "product_name" : "lsldmd",
      "iva_amount" : 0.0,
      "ieps_amount" : 0.0,
      "quantity" : 1.0,
      "unit_price" : 5.0,
      "subtotal" : 5.0,
      "measurementUnit" : "PZA"
    } ]
  }, {
    "id" : "655ad33a-a601-44b6-b9de-0ed92abeb955",
    "tenant_id" : "8691f5d8-24f6-4c3d-93a1-0852e9540dae",
    "user_id" : "a4602c27-f504-4eba-bb91-682b7d98ad96",
    "cash_session_id" : "8e5cb70a-5c38-43de-ac69-9f3fe06b428b",
    "folio" : "SAL-20260409-0015",
    "total" : 5.0,
    "payment_type" : "CASH",
    "regBorrado" : 1,
    "createdAt" : "2026-04-09T11:47:38.770874Z",
    "updatedAt" : "2026-04-09T11:47:38.770874Z",
    "items" : [ {
      "id" : "7e73bbd4-b5ae-4922-b691-ce8083eb100d",
      "sale_id" : "655ad33a-a601-44b6-b9de-0ed92abeb955",
      "upc" : "7503039601277",
      "product_name" : "lsldmd",
      "iva_amount" : 0.0,
      "ieps_amount" : 0.0,
      "quantity" : 1.0,
      "unit_price" : 5.0,
      "subtotal" : 5.0,
      "measurementUnit" : "PZA"
    } ]
  }, {
    "id" : "fddb83aa-da21-4a02-beea-4e7d4388a99c",
    "tenant_id" : "8691f5d8-24f6-4c3d-93a1-0852e9540dae",
    "user_id" : "a4602c27-f504-4eba-bb91-682b7d98ad96",
    "cash_session_id" : "8e5cb70a-5c38-43de-ac69-9f3fe06b428b",
    "folio" : "SAL-20260409-0016",
    "total" : 25.0,
    "payment_type" : "CASH",
    "regBorrado" : 1,
    "createdAt" : "2026-04-09T11:50:13.257831Z",
    "updatedAt" : "2026-04-09T11:50:13.257831Z",
    "items" : [ {
      "id" : "a110e63b-a7fc-489e-94ae-68d7dc4209b0",
      "sale_id" : "fddb83aa-da21-4a02-beea-4e7d4388a99c",
      "upc" : "7501055333851",
      "product_name" : "Del Valle Nectar de Durazno",
      "iva_amount" : 0.0,
      "ieps_amount" : 0.0,
      "quantity" : 1.0,
      "unit_price" : 25.0,
      "subtotal" : 25.0,
      "measurementUnit" : "PZA"
    } ]
  }, {
    "id" : "74c5c5e4-6107-47e2-8fdb-31015df0d2ef",
    "tenant_id" : "8691f5d8-24f6-4c3d-93a1-0852e9540dae",
    "user_id" : "a4602c27-f504-4eba-bb91-682b7d98ad96",
    "cash_session_id" : "8e5cb70a-5c38-43de-ac69-9f3fe06b428b",
    "folio" : "SAL-20260409-0017",
    "total" : 674.0,
    "payment_type" : "CASH",
    "regBorrado" : 1,
    "createdAt" : "2026-04-09T12:22:02.165261Z",
    "updatedAt" : "2026-04-09T12:22:02.165261Z",
    "items" : [ {
      "id" : "d8477bf3-9cd5-4318-9cd5-21ff45e8da74",
      "sale_id" : "74c5c5e4-6107-47e2-8fdb-31015df0d2ef",
      "upc" : "N/A",
      "product_name" : "Tortillas (1kg)",
      "iva_amount" : 0.0,
      "ieps_amount" : 0.0,
      "quantity" : 26.0,
      "unit_price" : 24.0,
      "subtotal" : 624.0,
      "measurementUnit" : "PZA"
    }, {
      "id" : "1a0d9b27-d860-409e-95da-502ba38e4b13",
      "sale_id" : "74c5c5e4-6107-47e2-8fdb-31015df0d2ef",
      "upc" : "PRP-719551605",
      "product_name" : "Tacos De Pastor",
      "iva_amount" : 0.0,
      "ieps_amount" : 0.0,
      "quantity" : 1.0,
      "unit_price" : 25.0,
      "subtotal" : 25.0,
      "measurementUnit" : "PZA"
    }, {
      "id" : "b6dfbcf7-445e-4094-94eb-1a849495ffcf",
      "sale_id" : "74c5c5e4-6107-47e2-8fdb-31015df0d2ef",
      "upc" : "7501791669276",
      "product_name" : "AU jamón cocido",
      "iva_amount" : 0.0,
      "ieps_amount" : 0.0,
      "quantity" : 1.0,
      "unit_price" : 25.0,
      "subtotal" : 25.0,
      "measurementUnit" : "PZA"
    } ]
  }, {
    "id" : "2229d859-5d34-43f7-a75e-b899c284b232",
    "tenant_id" : "8691f5d8-24f6-4c3d-93a1-0852e9540dae",
    "user_id" : "a4602c27-f504-4eba-bb91-682b7d98ad96",
    "cash_session_id" : "8e5cb70a-5c38-43de-ac69-9f3fe06b428b",
    "folio" : "SAL-20260409-0018",
    "total" : 45.0,
    "payment_type" : "CASH",
    "regBorrado" : 1,
    "createdAt" : "2026-04-09T18:36:56.729746Z",
    "updatedAt" : "2026-04-09T18:36:56.729746Z",
    "items" : [ {
      "id" : "d4ab66e0-16ed-4ff2-b324-d242c1101990",
      "sale_id" : "2229d859-5d34-43f7-a75e-b899c284b232",
      "upc" : "INT-001",
      "product_name" : "Huevo (1kg)",
      "iva_amount" : 0.0,
      "ieps_amount" : 0.0,
      "quantity" : 1.0,
      "unit_price" : 45.0,
      "subtotal" : 45.0,
      "measurementUnit" : "PZA"
    } ]
  }, {
    "id" : "ebb27e26-fb41-448b-af7c-b29ebaff51ca",
    "tenant_id" : "8691f5d8-24f6-4c3d-93a1-0852e9540dae",
    "user_id" : "a4602c27-f504-4eba-bb91-682b7d98ad96",
    "cash_session_id" : "8e5cb70a-5c38-43de-ac69-9f3fe06b428b",
    "folio" : "SAL-20260409-0019",
    "total" : 25.0,
    "payment_type" : "CASH",
    "regBorrado" : 1,
    "createdAt" : "2026-04-09T18:43:02.857810Z",
    "updatedAt" : "2026-04-09T18:43:02.857810Z",
    "items" : [ {
      "id" : "5f9c6c2a-58c2-4363-b404-5e28c559fbbf",
      "sale_id" : "ebb27e26-fb41-448b-af7c-b29ebaff51ca",
      "upc" : "7501032925529",
      "product_name" : "ggcv baygo",
      "iva_amount" : 0.0,
      "ieps_amount" : 0.0,
      "quantity" : 1.0,
      "unit_price" : 25.0,
      "subtotal" : 25.0,
      "measurementUnit" : "PZA"
    } ]
  }, {
    "id" : "b2e5a48e-3078-4820-a40f-c71a5e8e4ea0",
    "tenant_id" : "8691f5d8-24f6-4c3d-93a1-0852e9540dae",
    "user_id" : "a4602c27-f504-4eba-bb91-682b7d98ad96",
    "cash_session_id" : "8e5cb70a-5c38-43de-ac69-9f3fe06b428b",
    "folio" : "SAL-20260409-0020",
    "total" : 141.5,
    "payment_type" : "CASH",
    "regBorrado" : 1,
    "createdAt" : "2026-04-10T03:28:34.379274Z",
    "updatedAt" : "2026-04-10T03:28:34.379274Z",
    "items" : [ {
      "id" : "58b67fe9-8bc7-4515-b53b-2c4e8c416ff1",
      "sale_id" : "b2e5a48e-3078-4820-a40f-c71a5e8e4ea0",
      "upc" : "INT-001",
      "product_name" : "Huevo (1kg)",
      "iva_amount" : 0.0,
      "ieps_amount" : 0.0,
      "quantity" : 2.0,
      "unit_price" : 45.0,
      "subtotal" : 90.0,
      "measurementUnit" : "PZA"
    }, {
      "id" : "f8ad4b8b-af10-4eb2-b7c7-56a87f260f1e",
      "sale_id" : "b2e5a48e-3078-4820-a40f-c71a5e8e4ea0",
      "upc" : "INT-002",
      "product_name" : "Tortillas (1kg)",
      "iva_amount" : 0.0,
      "ieps_amount" : 0.0,
      "quantity" : 2.0,
      "unit_price" : 24.0,
      "subtotal" : 48.0,
      "measurementUnit" : "PZA"
    }, {
      "id" : "7c2e938e-f873-4368-8c43-c6523dfeee00",
      "sale_id" : "b2e5a48e-3078-4820-a40f-c71a5e8e4ea0",
      "upc" : "INT-003",
      "product_name" : "Bolillo (Pza)",
      "iva_amount" : 0.0,
      "ieps_amount" : 0.0,
      "quantity" : 1.0,
      "unit_price" : 3.5,
      "subtotal" : 3.5,
      "measurementUnit" : "PZA"
    } ]
  }, {
    "id" : "d12ae8e9-e319-4c25-93b7-41d59f967c31",
    "tenant_id" : "8691f5d8-24f6-4c3d-93a1-0852e9540dae",
    "user_id" : "a4602c27-f504-4eba-bb91-682b7d98ad96",
    "cash_session_id" : "8e5cb70a-5c38-43de-ac69-9f3fe06b428b",
    "folio" : "SAL-20260409-0021",
    "total" : 90.0,
    "payment_type" : "CASH",
    "regBorrado" : 1,
    "createdAt" : "2026-04-10T03:28:47.399969Z",
    "updatedAt" : "2026-04-10T03:28:47.399969Z",
    "items" : [ {
      "id" : "23ab9a52-f2cf-4c8b-ac4e-e7850dca9dce",
      "sale_id" : "d12ae8e9-e319-4c25-93b7-41d59f967c31",
      "upc" : "INT-001",
      "product_name" : "Huevo (1kg)",
      "iva_amount" : 0.0,
      "ieps_amount" : 0.0,
      "quantity" : 2.0,
      "unit_price" : 45.0,
      "subtotal" : 90.0,
      "measurementUnit" : "PZA"
    } ]
  } ]
}

=========== [ 2026-04-09T23:47:15.134049400-06:00 ] ===========
TENANT_ID: 8691f5d8-24f6-4c3d-93a1-0852e9540dae
RECORDS COUNT: 10
PAYLOAD: 
{
  "tenantId" : "8691f5d8-24f6-4c3d-93a1-0852e9540dae",
  "records" : [ {
    "id" : "61533570-571f-47a8-bf12-7085f7180bf8",
    "tenant_id" : "8691f5d8-24f6-4c3d-93a1-0852e9540dae",
    "user_id" : "a4602c27-f504-4eba-bb91-682b7d98ad96",
    "cash_session_id" : "8e5cb70a-5c38-43de-ac69-9f3fe06b428b",
    "folio" : "SAL-20260409-0012",
    "total" : 5.0,
    "payment_type" : "CASH",
    "regBorrado" : 1,
    "createdAt" : "2026-04-09T11:47:03.032023Z",
    "updatedAt" : "2026-04-09T11:47:03.032023Z",
    "items" : [ {
      "id" : "e1c9c259-ae77-443b-a831-1ceccdbc7b0d",
      "sale_id" : "61533570-571f-47a8-bf12-7085f7180bf8",
      "upc" : "7503039601277",
      "product_name" : "lsldmd",
      "iva_amount" : 0.0,
      "ieps_amount" : 0.0,
      "quantity" : 1.0,
      "unit_price" : 5.0,
      "subtotal" : 5.0,
      "measurementUnit" : "PZA"
    } ]
  }, {
    "id" : "87985203-4b6c-4c80-8b5d-b55e920d7bd7",
    "tenant_id" : "8691f5d8-24f6-4c3d-93a1-0852e9540dae",
    "user_id" : "a4602c27-f504-4eba-bb91-682b7d98ad96",
    "cash_session_id" : "8e5cb70a-5c38-43de-ac69-9f3fe06b428b",
    "folio" : "SAL-20260409-0013",
    "total" : 5.0,
    "payment_type" : "CASH",
    "regBorrado" : 1,
    "createdAt" : "2026-04-09T11:47:14.933403Z",
    "updatedAt" : "2026-04-09T11:47:14.933403Z",
    "items" : [ {
      "id" : "0930c207-9c33-44b8-b011-872a88aa28e4",
      "sale_id" : "87985203-4b6c-4c80-8b5d-b55e920d7bd7",
      "upc" : "7503039601277",
      "product_name" : "lsldmd",
      "iva_amount" : 0.0,
      "ieps_amount" : 0.0,
      "quantity" : 1.0,
      "unit_price" : 5.0,
      "subtotal" : 5.0,
      "measurementUnit" : "PZA"
    } ]
  }, {
    "id" : "e0fbaee4-4f2d-46ca-a5b6-18e21ffadf68",
    "tenant_id" : "8691f5d8-24f6-4c3d-93a1-0852e9540dae",
    "user_id" : "a4602c27-f504-4eba-bb91-682b7d98ad96",
    "cash_session_id" : "8e5cb70a-5c38-43de-ac69-9f3fe06b428b",
    "folio" : "SAL-20260409-0014",
    "total" : 5.0,
    "payment_type" : "CASH",
    "regBorrado" : 1,
    "createdAt" : "2026-04-09T11:47:28.402004Z",
    "updatedAt" : "2026-04-09T11:47:28.402004Z",
    "items" : [ {
      "id" : "013c48b2-23dc-4dfa-aa2f-ff3cf6049477",
      "sale_id" : "e0fbaee4-4f2d-46ca-a5b6-18e21ffadf68",
      "upc" : "7503039601277",
      "product_name" : "lsldmd",
      "iva_amount" : 0.0,
      "ieps_amount" : 0.0,
      "quantity" : 1.0,
      "unit_price" : 5.0,
      "subtotal" : 5.0,
      "measurementUnit" : "PZA"
    } ]
  }, {
    "id" : "655ad33a-a601-44b6-b9de-0ed92abeb955",
    "tenant_id" : "8691f5d8-24f6-4c3d-93a1-0852e9540dae",
    "user_id" : "a4602c27-f504-4eba-bb91-682b7d98ad96",
    "cash_session_id" : "8e5cb70a-5c38-43de-ac69-9f3fe06b428b",
    "folio" : "SAL-20260409-0015",
    "total" : 5.0,
    "payment_type" : "CASH",
    "regBorrado" : 1,
    "createdAt" : "2026-04-09T11:47:38.770874Z",
    "updatedAt" : "2026-04-09T11:47:38.770874Z",
    "items" : [ {
      "id" : "7e73bbd4-b5ae-4922-b691-ce8083eb100d",
      "sale_id" : "655ad33a-a601-44b6-b9de-0ed92abeb955",
      "upc" : "7503039601277",
      "product_name" : "lsldmd",
      "iva_amount" : 0.0,
      "ieps_amount" : 0.0,
      "quantity" : 1.0,
      "unit_price" : 5.0,
      "subtotal" : 5.0,
      "measurementUnit" : "PZA"
    } ]
  }, {
    "id" : "fddb83aa-da21-4a02-beea-4e7d4388a99c",
    "tenant_id" : "8691f5d8-24f6-4c3d-93a1-0852e9540dae",
    "user_id" : "a4602c27-f504-4eba-bb91-682b7d98ad96",
    "cash_session_id" : "8e5cb70a-5c38-43de-ac69-9f3fe06b428b",
    "folio" : "SAL-20260409-0016",
    "total" : 25.0,
    "payment_type" : "CASH",
    "regBorrado" : 1,
    "createdAt" : "2026-04-09T11:50:13.257831Z",
    "updatedAt" : "2026-04-09T11:50:13.257831Z",
    "items" : [ {
      "id" : "a110e63b-a7fc-489e-94ae-68d7dc4209b0",
      "sale_id" : "fddb83aa-da21-4a02-beea-4e7d4388a99c",
      "upc" : "7501055333851",
      "product_name" : "Del Valle Nectar de Durazno",
      "iva_amount" : 0.0,
      "ieps_amount" : 0.0,
      "quantity" : 1.0,
      "unit_price" : 25.0,
      "subtotal" : 25.0,
      "measurementUnit" : "PZA"
    } ]
  }, {
    "id" : "74c5c5e4-6107-47e2-8fdb-31015df0d2ef",
    "tenant_id" : "8691f5d8-24f6-4c3d-93a1-0852e9540dae",
    "user_id" : "a4602c27-f504-4eba-bb91-682b7d98ad96",
    "cash_session_id" : "8e5cb70a-5c38-43de-ac69-9f3fe06b428b",
    "folio" : "SAL-20260409-0017",
    "total" : 674.0,
    "payment_type" : "CASH",
    "regBorrado" : 1,
    "createdAt" : "2026-04-09T12:22:02.165261Z",
    "updatedAt" : "2026-04-09T12:22:02.165261Z",
    "items" : [ {
      "id" : "d8477bf3-9cd5-4318-9cd5-21ff45e8da74",
      "sale_id" : "74c5c5e4-6107-47e2-8fdb-31015df0d2ef",
      "upc" : "N/A",
      "product_name" : "Tortillas (1kg)",
      "iva_amount" : 0.0,
      "ieps_amount" : 0.0,
      "quantity" : 26.0,
      "unit_price" : 24.0,
      "subtotal" : 624.0,
      "measurementUnit" : "PZA"
    }, {
      "id" : "1a0d9b27-d860-409e-95da-502ba38e4b13",
      "sale_id" : "74c5c5e4-6107-47e2-8fdb-31015df0d2ef",
      "upc" : "PRP-719551605",
      "product_name" : "Tacos De Pastor",
      "iva_amount" : 0.0,
      "ieps_amount" : 0.0,
      "quantity" : 1.0,
      "unit_price" : 25.0,
      "subtotal" : 25.0,
      "measurementUnit" : "PZA"
    }, {
      "id" : "b6dfbcf7-445e-4094-94eb-1a849495ffcf",
      "sale_id" : "74c5c5e4-6107-47e2-8fdb-31015df0d2ef",
      "upc" : "7501791669276",
      "product_name" : "AU jamón cocido",
      "iva_amount" : 0.0,
      "ieps_amount" : 0.0,
      "quantity" : 1.0,
      "unit_price" : 25.0,
      "subtotal" : 25.0,
      "measurementUnit" : "PZA"
    } ]
  }, {
    "id" : "2229d859-5d34-43f7-a75e-b899c284b232",
    "tenant_id" : "8691f5d8-24f6-4c3d-93a1-0852e9540dae",
    "user_id" : "a4602c27-f504-4eba-bb91-682b7d98ad96",
    "cash_session_id" : "8e5cb70a-5c38-43de-ac69-9f3fe06b428b",
    "folio" : "SAL-20260409-0018",
    "total" : 45.0,
    "payment_type" : "CASH",
    "regBorrado" : 1,
    "createdAt" : "2026-04-09T18:36:56.729746Z",
    "updatedAt" : "2026-04-09T18:36:56.729746Z",
    "items" : [ {
      "id" : "d4ab66e0-16ed-4ff2-b324-d242c1101990",
      "sale_id" : "2229d859-5d34-43f7-a75e-b899c284b232",
      "upc" : "INT-001",
      "product_name" : "Huevo (1kg)",
      "iva_amount" : 0.0,
      "ieps_amount" : 0.0,
      "quantity" : 1.0,
      "unit_price" : 45.0,
      "subtotal" : 45.0,
      "measurementUnit" : "PZA"
    } ]
  }, {
    "id" : "ebb27e26-fb41-448b-af7c-b29ebaff51ca",
    "tenant_id" : "8691f5d8-24f6-4c3d-93a1-0852e9540dae",
    "user_id" : "a4602c27-f504-4eba-bb91-682b7d98ad96",
    "cash_session_id" : "8e5cb70a-5c38-43de-ac69-9f3fe06b428b",
    "folio" : "SAL-20260409-0019",
    "total" : 25.0,
    "payment_type" : "CASH",
    "regBorrado" : 1,
    "createdAt" : "2026-04-09T18:43:02.857810Z",
    "updatedAt" : "2026-04-09T18:43:02.857810Z",
    "items" : [ {
      "id" : "5f9c6c2a-58c2-4363-b404-5e28c559fbbf",
      "sale_id" : "ebb27e26-fb41-448b-af7c-b29ebaff51ca",
      "upc" : "7501032925529",
      "product_name" : "ggcv baygo",
      "iva_amount" : 0.0,
      "ieps_amount" : 0.0,
      "quantity" : 1.0,
      "unit_price" : 25.0,
      "subtotal" : 25.0,
      "measurementUnit" : "PZA"
    } ]
  }, {
    "id" : "b2e5a48e-3078-4820-a40f-c71a5e8e4ea0",
    "tenant_id" : "8691f5d8-24f6-4c3d-93a1-0852e9540dae",
    "user_id" : "a4602c27-f504-4eba-bb91-682b7d98ad96",
    "cash_session_id" : "8e5cb70a-5c38-43de-ac69-9f3fe06b428b",
    "folio" : "SAL-20260409-0020",
    "total" : 141.5,
    "payment_type" : "CASH",
    "regBorrado" : 1,
    "createdAt" : "2026-04-10T03:28:34.379274Z",
    "updatedAt" : "2026-04-10T03:28:34.379274Z",
    "items" : [ {
      "id" : "58b67fe9-8bc7-4515-b53b-2c4e8c416ff1",
      "sale_id" : "b2e5a48e-3078-4820-a40f-c71a5e8e4ea0",
      "upc" : "INT-001",
      "product_name" : "Huevo (1kg)",
      "iva_amount" : 0.0,
      "ieps_amount" : 0.0,
      "quantity" : 2.0,
      "unit_price" : 45.0,
      "subtotal" : 90.0,
      "measurementUnit" : "PZA"
    }, {
      "id" : "f8ad4b8b-af10-4eb2-b7c7-56a87f260f1e",
      "sale_id" : "b2e5a48e-3078-4820-a40f-c71a5e8e4ea0",
      "upc" : "INT-002",
      "product_name" : "Tortillas (1kg)",
      "iva_amount" : 0.0,
      "ieps_amount" : 0.0,
      "quantity" : 2.0,
      "unit_price" : 24.0,
      "subtotal" : 48.0,
      "measurementUnit" : "PZA"
    }, {
      "id" : "7c2e938e-f873-4368-8c43-c6523dfeee00",
      "sale_id" : "b2e5a48e-3078-4820-a40f-c71a5e8e4ea0",
      "upc" : "INT-003",
      "product_name" : "Bolillo (Pza)",
      "iva_amount" : 0.0,
      "ieps_amount" : 0.0,
      "quantity" : 1.0,
      "unit_price" : 3.5,
      "subtotal" : 3.5,
      "measurementUnit" : "PZA"
    } ]
  }, {
    "id" : "d12ae8e9-e319-4c25-93b7-41d59f967c31",
    "tenant_id" : "8691f5d8-24f6-4c3d-93a1-0852e9540dae",
    "user_id" : "a4602c27-f504-4eba-bb91-682b7d98ad96",
    "cash_session_id" : "8e5cb70a-5c38-43de-ac69-9f3fe06b428b",
    "folio" : "SAL-20260409-0021",
    "total" : 90.0,
    "payment_type" : "CASH",
    "regBorrado" : 1,
    "createdAt" : "2026-04-10T03:28:47.399969Z",
    "updatedAt" : "2026-04-10T03:28:47.399969Z",
    "items" : [ {
      "id" : "23ab9a52-f2cf-4c8b-ac4e-e7850dca9dce",
      "sale_id" : "d12ae8e9-e319-4c25-93b7-41d59f967c31",
      "upc" : "INT-001",
      "product_name" : "Huevo (1kg)",
      "iva_amount" : 0.0,
      "ieps_amount" : 0.0,
      "quantity" : 2.0,
      "unit_price" : 45.0,
      "subtotal" : 90.0,
      "measurementUnit" : "PZA"
    } ]
  } ]
}

=========== [ 2026-04-09T23:52:18.016842900-06:00 ] ===========
TENANT_ID: 8691f5d8-24f6-4c3d-93a1-0852e9540dae
RECORDS COUNT: 10
PAYLOAD: 
{
  "tenantId" : "8691f5d8-24f6-4c3d-93a1-0852e9540dae",
  "records" : [ {
    "id" : "61533570-571f-47a8-bf12-7085f7180bf8",
    "tenant_id" : "8691f5d8-24f6-4c3d-93a1-0852e9540dae",
    "user_id" : "a4602c27-f504-4eba-bb91-682b7d98ad96",
    "cash_session_id" : "8e5cb70a-5c38-43de-ac69-9f3fe06b428b",
    "folio" : "SAL-20260409-0012",
    "total" : 5.0,
    "payment_type" : "CASH",
    "regBorrado" : 1,
    "createdAt" : "2026-04-09T11:47:03.032023Z",
    "updatedAt" : "2026-04-09T11:47:03.032023Z",
    "items" : [ {
      "id" : "e1c9c259-ae77-443b-a831-1ceccdbc7b0d",
      "sale_id" : "61533570-571f-47a8-bf12-7085f7180bf8",
      "upc" : "7503039601277",
      "product_name" : "lsldmd",
      "iva_amount" : 0.0,
      "ieps_amount" : 0.0,
      "quantity" : 1.0,
      "unit_price" : 5.0,
      "subtotal" : 5.0,
      "measurementUnit" : "PZA"
    } ]
  }, {
    "id" : "87985203-4b6c-4c80-8b5d-b55e920d7bd7",
    "tenant_id" : "8691f5d8-24f6-4c3d-93a1-0852e9540dae",
    "user_id" : "a4602c27-f504-4eba-bb91-682b7d98ad96",
    "cash_session_id" : "8e5cb70a-5c38-43de-ac69-9f3fe06b428b",
    "folio" : "SAL-20260409-0013",
    "total" : 5.0,
    "payment_type" : "CASH",
    "regBorrado" : 1,
    "createdAt" : "2026-04-09T11:47:14.933403Z",
    "updatedAt" : "2026-04-09T11:47:14.933403Z",
    "items" : [ {
      "id" : "0930c207-9c33-44b8-b011-872a88aa28e4",
      "sale_id" : "87985203-4b6c-4c80-8b5d-b55e920d7bd7",
      "upc" : "7503039601277",
      "product_name" : "lsldmd",
      "iva_amount" : 0.0,
      "ieps_amount" : 0.0,
      "quantity" : 1.0,
      "unit_price" : 5.0,
      "subtotal" : 5.0,
      "measurementUnit" : "PZA"
    } ]
  }, {
    "id" : "e0fbaee4-4f2d-46ca-a5b6-18e21ffadf68",
    "tenant_id" : "8691f5d8-24f6-4c3d-93a1-0852e9540dae",
    "user_id" : "a4602c27-f504-4eba-bb91-682b7d98ad96",
    "cash_session_id" : "8e5cb70a-5c38-43de-ac69-9f3fe06b428b",
    "folio" : "SAL-20260409-0014",
    "total" : 5.0,
    "payment_type" : "CASH",
    "regBorrado" : 1,
    "createdAt" : "2026-04-09T11:47:28.402004Z",
    "updatedAt" : "2026-04-09T11:47:28.402004Z",
    "items" : [ {
      "id" : "013c48b2-23dc-4dfa-aa2f-ff3cf6049477",
      "sale_id" : "e0fbaee4-4f2d-46ca-a5b6-18e21ffadf68",
      "upc" : "7503039601277",
      "product_name" : "lsldmd",
      "iva_amount" : 0.0,
      "ieps_amount" : 0.0,
      "quantity" : 1.0,
      "unit_price" : 5.0,
      "subtotal" : 5.0,
      "measurementUnit" : "PZA"
    } ]
  }, {
    "id" : "655ad33a-a601-44b6-b9de-0ed92abeb955",
    "tenant_id" : "8691f5d8-24f6-4c3d-93a1-0852e9540dae",
    "user_id" : "a4602c27-f504-4eba-bb91-682b7d98ad96",
    "cash_session_id" : "8e5cb70a-5c38-43de-ac69-9f3fe06b428b",
    "folio" : "SAL-20260409-0015",
    "total" : 5.0,
    "payment_type" : "CASH",
    "regBorrado" : 1,
    "createdAt" : "2026-04-09T11:47:38.770874Z",
    "updatedAt" : "2026-04-09T11:47:38.770874Z",
    "items" : [ {
      "id" : "7e73bbd4-b5ae-4922-b691-ce8083eb100d",
      "sale_id" : "655ad33a-a601-44b6-b9de-0ed92abeb955",
      "upc" : "7503039601277",
      "product_name" : "lsldmd",
      "iva_amount" : 0.0,
      "ieps_amount" : 0.0,
      "quantity" : 1.0,
      "unit_price" : 5.0,
      "subtotal" : 5.0,
      "measurementUnit" : "PZA"
    } ]
  }, {
    "id" : "fddb83aa-da21-4a02-beea-4e7d4388a99c",
    "tenant_id" : "8691f5d8-24f6-4c3d-93a1-0852e9540dae",
    "user_id" : "a4602c27-f504-4eba-bb91-682b7d98ad96",
    "cash_session_id" : "8e5cb70a-5c38-43de-ac69-9f3fe06b428b",
    "folio" : "SAL-20260409-0016",
    "total" : 25.0,
    "payment_type" : "CASH",
    "regBorrado" : 1,
    "createdAt" : "2026-04-09T11:50:13.257831Z",
    "updatedAt" : "2026-04-09T11:50:13.257831Z",
    "items" : [ {
      "id" : "a110e63b-a7fc-489e-94ae-68d7dc4209b0",
      "sale_id" : "fddb83aa-da21-4a02-beea-4e7d4388a99c",
      "upc" : "7501055333851",
      "product_name" : "Del Valle Nectar de Durazno",
      "iva_amount" : 0.0,
      "ieps_amount" : 0.0,
      "quantity" : 1.0,
      "unit_price" : 25.0,
      "subtotal" : 25.0,
      "measurementUnit" : "PZA"
    } ]
  }, {
    "id" : "74c5c5e4-6107-47e2-8fdb-31015df0d2ef",
    "tenant_id" : "8691f5d8-24f6-4c3d-93a1-0852e9540dae",
    "user_id" : "a4602c27-f504-4eba-bb91-682b7d98ad96",
    "cash_session_id" : "8e5cb70a-5c38-43de-ac69-9f3fe06b428b",
    "folio" : "SAL-20260409-0017",
    "total" : 674.0,
    "payment_type" : "CASH",
    "regBorrado" : 1,
    "createdAt" : "2026-04-09T12:22:02.165261Z",
    "updatedAt" : "2026-04-09T12:22:02.165261Z",
    "items" : [ {
      "id" : "d8477bf3-9cd5-4318-9cd5-21ff45e8da74",
      "sale_id" : "74c5c5e4-6107-47e2-8fdb-31015df0d2ef",
      "upc" : "N/A",
      "product_name" : "Tortillas (1kg)",
      "iva_amount" : 0.0,
      "ieps_amount" : 0.0,
      "quantity" : 26.0,
      "unit_price" : 24.0,
      "subtotal" : 624.0,
      "measurementUnit" : "PZA"
    }, {
      "id" : "1a0d9b27-d860-409e-95da-502ba38e4b13",
      "sale_id" : "74c5c5e4-6107-47e2-8fdb-31015df0d2ef",
      "upc" : "PRP-719551605",
      "product_name" : "Tacos De Pastor",
      "iva_amount" : 0.0,
      "ieps_amount" : 0.0,
      "quantity" : 1.0,
      "unit_price" : 25.0,
      "subtotal" : 25.0,
      "measurementUnit" : "PZA"
    }, {
      "id" : "b6dfbcf7-445e-4094-94eb-1a849495ffcf",
      "sale_id" : "74c5c5e4-6107-47e2-8fdb-31015df0d2ef",
      "upc" : "7501791669276",
      "product_name" : "AU jamón cocido",
      "iva_amount" : 0.0,
      "ieps_amount" : 0.0,
      "quantity" : 1.0,
      "unit_price" : 25.0,
      "subtotal" : 25.0,
      "measurementUnit" : "PZA"
    } ]
  }, {
    "id" : "2229d859-5d34-43f7-a75e-b899c284b232",
    "tenant_id" : "8691f5d8-24f6-4c3d-93a1-0852e9540dae",
    "user_id" : "a4602c27-f504-4eba-bb91-682b7d98ad96",
    "cash_session_id" : "8e5cb70a-5c38-43de-ac69-9f3fe06b428b",
    "folio" : "SAL-20260409-0018",
    "total" : 45.0,
    "payment_type" : "CASH",
    "regBorrado" : 1,
    "createdAt" : "2026-04-09T18:36:56.729746Z",
    "updatedAt" : "2026-04-09T18:36:56.729746Z",
    "items" : [ {
      "id" : "d4ab66e0-16ed-4ff2-b324-d242c1101990",
      "sale_id" : "2229d859-5d34-43f7-a75e-b899c284b232",
      "upc" : "INT-001",
      "product_name" : "Huevo (1kg)",
      "iva_amount" : 0.0,
      "ieps_amount" : 0.0,
      "quantity" : 1.0,
      "unit_price" : 45.0,
      "subtotal" : 45.0,
      "measurementUnit" : "PZA"
    } ]
  }, {
    "id" : "ebb27e26-fb41-448b-af7c-b29ebaff51ca",
    "tenant_id" : "8691f5d8-24f6-4c3d-93a1-0852e9540dae",
    "user_id" : "a4602c27-f504-4eba-bb91-682b7d98ad96",
    "cash_session_id" : "8e5cb70a-5c38-43de-ac69-9f3fe06b428b",
    "folio" : "SAL-20260409-0019",
    "total" : 25.0,
    "payment_type" : "CASH",
    "regBorrado" : 1,
    "createdAt" : "2026-04-09T18:43:02.857810Z",
    "updatedAt" : "2026-04-09T18:43:02.857810Z",
    "items" : [ {
      "id" : "5f9c6c2a-58c2-4363-b404-5e28c559fbbf",
      "sale_id" : "ebb27e26-fb41-448b-af7c-b29ebaff51ca",
      "upc" : "7501032925529",
      "product_name" : "ggcv baygo",
      "iva_amount" : 0.0,
      "ieps_amount" : 0.0,
      "quantity" : 1.0,
      "unit_price" : 25.0,
      "subtotal" : 25.0,
      "measurementUnit" : "PZA"
    } ]
  }, {
    "id" : "b2e5a48e-3078-4820-a40f-c71a5e8e4ea0",
    "tenant_id" : "8691f5d8-24f6-4c3d-93a1-0852e9540dae",
    "user_id" : "a4602c27-f504-4eba-bb91-682b7d98ad96",
    "cash_session_id" : "8e5cb70a-5c38-43de-ac69-9f3fe06b428b",
    "folio" : "SAL-20260409-0020",
    "total" : 141.5,
    "payment_type" : "CASH",
    "regBorrado" : 1,
    "createdAt" : "2026-04-10T03:28:34.379274Z",
    "updatedAt" : "2026-04-10T03:28:34.379274Z",
    "items" : [ {
      "id" : "58b67fe9-8bc7-4515-b53b-2c4e8c416ff1",
      "sale_id" : "b2e5a48e-3078-4820-a40f-c71a5e8e4ea0",
      "upc" : "INT-001",
      "product_name" : "Huevo (1kg)",
      "iva_amount" : 0.0,
      "ieps_amount" : 0.0,
      "quantity" : 2.0,
      "unit_price" : 45.0,
      "subtotal" : 90.0,
      "measurementUnit" : "PZA"
    }, {
      "id" : "f8ad4b8b-af10-4eb2-b7c7-56a87f260f1e",
      "sale_id" : "b2e5a48e-3078-4820-a40f-c71a5e8e4ea0",
      "upc" : "INT-002",
      "product_name" : "Tortillas (1kg)",
      "iva_amount" : 0.0,
      "ieps_amount" : 0.0,
      "quantity" : 2.0,
      "unit_price" : 24.0,
      "subtotal" : 48.0,
      "measurementUnit" : "PZA"
    }, {
      "id" : "7c2e938e-f873-4368-8c43-c6523dfeee00",
      "sale_id" : "b2e5a48e-3078-4820-a40f-c71a5e8e4ea0",
      "upc" : "INT-003",
      "product_name" : "Bolillo (Pza)",
      "iva_amount" : 0.0,
      "ieps_amount" : 0.0,
      "quantity" : 1.0,
      "unit_price" : 3.5,
      "subtotal" : 3.5,
      "measurementUnit" : "PZA"
    } ]
  }, {
    "id" : "d12ae8e9-e319-4c25-93b7-41d59f967c31",
    "tenant_id" : "8691f5d8-24f6-4c3d-93a1-0852e9540dae",
    "user_id" : "a4602c27-f504-4eba-bb91-682b7d98ad96",
    "cash_session_id" : "8e5cb70a-5c38-43de-ac69-9f3fe06b428b",
    "folio" : "SAL-20260409-0021",
    "total" : 90.0,
    "payment_type" : "CASH",
    "regBorrado" : 1,
    "createdAt" : "2026-04-10T03:28:47.399969Z",
    "updatedAt" : "2026-04-10T03:28:47.399969Z",
    "items" : [ {
      "id" : "23ab9a52-f2cf-4c8b-ac4e-e7850dca9dce",
      "sale_id" : "d12ae8e9-e319-4c25-93b7-41d59f967c31",
      "upc" : "INT-001",
      "product_name" : "Huevo (1kg)",
      "iva_amount" : 0.0,
      "ieps_amount" : 0.0,
      "quantity" : 2.0,
      "unit_price" : 45.0,
      "subtotal" : 90.0,
      "measurementUnit" : "PZA"
    } ]
  } ]
}

=========== [ 2026-04-09T23:57:50.835096200-06:00 ] ===========
TENANT_ID: 8691f5d8-24f6-4c3d-93a1-0852e9540dae
RECORDS COUNT: 10
PAYLOAD: 
{
  "tenantId" : "8691f5d8-24f6-4c3d-93a1-0852e9540dae",
  "records" : [ {
    "id" : "61533570-571f-47a8-bf12-7085f7180bf8",
    "tenant_id" : "8691f5d8-24f6-4c3d-93a1-0852e9540dae",
    "user_id" : "a4602c27-f504-4eba-bb91-682b7d98ad96",
    "cash_session_id" : "8e5cb70a-5c38-43de-ac69-9f3fe06b428b",
    "folio" : "SAL-20260409-0012",
    "total" : 5.0,
    "payment_type" : "CASH",
    "regBorrado" : 1,
    "createdAt" : "2026-04-09T11:47:03.032023Z",
    "updatedAt" : "2026-04-09T11:47:03.032023Z",
    "items" : [ {
      "id" : "e1c9c259-ae77-443b-a831-1ceccdbc7b0d",
      "sale_id" : "61533570-571f-47a8-bf12-7085f7180bf8",
      "upc" : "7503039601277",
      "product_name" : "lsldmd",
      "iva_amount" : 0.0,
      "ieps_amount" : 0.0,
      "quantity" : 1.0,
      "unit_price" : 5.0,
      "subtotal" : 5.0,
      "measurementUnit" : "PZA"
    } ]
  }, {
    "id" : "87985203-4b6c-4c80-8b5d-b55e920d7bd7",
    "tenant_id" : "8691f5d8-24f6-4c3d-93a1-0852e9540dae",
    "user_id" : "a4602c27-f504-4eba-bb91-682b7d98ad96",
    "cash_session_id" : "8e5cb70a-5c38-43de-ac69-9f3fe06b428b",
    "folio" : "SAL-20260409-0013",
    "total" : 5.0,
    "payment_type" : "CASH",
    "regBorrado" : 1,
    "createdAt" : "2026-04-09T11:47:14.933403Z",
    "updatedAt" : "2026-04-09T11:47:14.933403Z",
    "items" : [ {
      "id" : "0930c207-9c33-44b8-b011-872a88aa28e4",
      "sale_id" : "87985203-4b6c-4c80-8b5d-b55e920d7bd7",
      "upc" : "7503039601277",
      "product_name" : "lsldmd",
      "iva_amount" : 0.0,
      "ieps_amount" : 0.0,
      "quantity" : 1.0,
      "unit_price" : 5.0,
      "subtotal" : 5.0,
      "measurementUnit" : "PZA"
    } ]
  }, {
    "id" : "e0fbaee4-4f2d-46ca-a5b6-18e21ffadf68",
    "tenant_id" : "8691f5d8-24f6-4c3d-93a1-0852e9540dae",
    "user_id" : "a4602c27-f504-4eba-bb91-682b7d98ad96",
    "cash_session_id" : "8e5cb70a-5c38-43de-ac69-9f3fe06b428b",
    "folio" : "SAL-20260409-0014",
    "total" : 5.0,
    "payment_type" : "CASH",
    "regBorrado" : 1,
    "createdAt" : "2026-04-09T11:47:28.402004Z",
    "updatedAt" : "2026-04-09T11:47:28.402004Z",
    "items" : [ {
      "id" : "013c48b2-23dc-4dfa-aa2f-ff3cf6049477",
      "sale_id" : "e0fbaee4-4f2d-46ca-a5b6-18e21ffadf68",
      "upc" : "7503039601277",
      "product_name" : "lsldmd",
      "iva_amount" : 0.0,
      "ieps_amount" : 0.0,
      "quantity" : 1.0,
      "unit_price" : 5.0,
      "subtotal" : 5.0,
      "measurementUnit" : "PZA"
    } ]
  }, {
    "id" : "655ad33a-a601-44b6-b9de-0ed92abeb955",
    "tenant_id" : "8691f5d8-24f6-4c3d-93a1-0852e9540dae",
    "user_id" : "a4602c27-f504-4eba-bb91-682b7d98ad96",
    "cash_session_id" : "8e5cb70a-5c38-43de-ac69-9f3fe06b428b",
    "folio" : "SAL-20260409-0015",
    "total" : 5.0,
    "payment_type" : "CASH",
    "regBorrado" : 1,
    "createdAt" : "2026-04-09T11:47:38.770874Z",
    "updatedAt" : "2026-04-09T11:47:38.770874Z",
    "items" : [ {
      "id" : "7e73bbd4-b5ae-4922-b691-ce8083eb100d",
      "sale_id" : "655ad33a-a601-44b6-b9de-0ed92abeb955",
      "upc" : "7503039601277",
      "product_name" : "lsldmd",
      "iva_amount" : 0.0,
      "ieps_amount" : 0.0,
      "quantity" : 1.0,
      "unit_price" : 5.0,
      "subtotal" : 5.0,
      "measurementUnit" : "PZA"
    } ]
  }, {
    "id" : "fddb83aa-da21-4a02-beea-4e7d4388a99c",
    "tenant_id" : "8691f5d8-24f6-4c3d-93a1-0852e9540dae",
    "user_id" : "a4602c27-f504-4eba-bb91-682b7d98ad96",
    "cash_session_id" : "8e5cb70a-5c38-43de-ac69-9f3fe06b428b",
    "folio" : "SAL-20260409-0016",
    "total" : 25.0,
    "payment_type" : "CASH",
    "regBorrado" : 1,
    "createdAt" : "2026-04-09T11:50:13.257831Z",
    "updatedAt" : "2026-04-09T11:50:13.257831Z",
    "items" : [ {
      "id" : "a110e63b-a7fc-489e-94ae-68d7dc4209b0",
      "sale_id" : "fddb83aa-da21-4a02-beea-4e7d4388a99c",
      "upc" : "7501055333851",
      "product_name" : "Del Valle Nectar de Durazno",
      "iva_amount" : 0.0,
      "ieps_amount" : 0.0,
      "quantity" : 1.0,
      "unit_price" : 25.0,
      "subtotal" : 25.0,
      "measurementUnit" : "PZA"
    } ]
  }, {
    "id" : "74c5c5e4-6107-47e2-8fdb-31015df0d2ef",
    "tenant_id" : "8691f5d8-24f6-4c3d-93a1-0852e9540dae",
    "user_id" : "a4602c27-f504-4eba-bb91-682b7d98ad96",
    "cash_session_id" : "8e5cb70a-5c38-43de-ac69-9f3fe06b428b",
    "folio" : "SAL-20260409-0017",
    "total" : 674.0,
    "payment_type" : "CASH",
    "regBorrado" : 1,
    "createdAt" : "2026-04-09T12:22:02.165261Z",
    "updatedAt" : "2026-04-09T12:22:02.165261Z",
    "items" : [ {
      "id" : "d8477bf3-9cd5-4318-9cd5-21ff45e8da74",
      "sale_id" : "74c5c5e4-6107-47e2-8fdb-31015df0d2ef",
      "upc" : "N/A",
      "product_name" : "Tortillas (1kg)",
      "iva_amount" : 0.0,
      "ieps_amount" : 0.0,
      "quantity" : 26.0,
      "unit_price" : 24.0,
      "subtotal" : 624.0,
      "measurementUnit" : "PZA"
    }, {
      "id" : "1a0d9b27-d860-409e-95da-502ba38e4b13",
      "sale_id" : "74c5c5e4-6107-47e2-8fdb-31015df0d2ef",
      "upc" : "PRP-719551605",
      "product_name" : "Tacos De Pastor",
      "iva_amount" : 0.0,
      "ieps_amount" : 0.0,
      "quantity" : 1.0,
      "unit_price" : 25.0,
      "subtotal" : 25.0,
      "measurementUnit" : "PZA"
    }, {
      "id" : "b6dfbcf7-445e-4094-94eb-1a849495ffcf",
      "sale_id" : "74c5c5e4-6107-47e2-8fdb-31015df0d2ef",
      "upc" : "7501791669276",
      "product_name" : "AU jamón cocido",
      "iva_amount" : 0.0,
      "ieps_amount" : 0.0,
      "quantity" : 1.0,
      "unit_price" : 25.0,
      "subtotal" : 25.0,
      "measurementUnit" : "PZA"
    } ]
  }, {
    "id" : "2229d859-5d34-43f7-a75e-b899c284b232",
    "tenant_id" : "8691f5d8-24f6-4c3d-93a1-0852e9540dae",
    "user_id" : "a4602c27-f504-4eba-bb91-682b7d98ad96",
    "cash_session_id" : "8e5cb70a-5c38-43de-ac69-9f3fe06b428b",
    "folio" : "SAL-20260409-0018",
    "total" : 45.0,
    "payment_type" : "CASH",
    "regBorrado" : 1,
    "createdAt" : "2026-04-09T18:36:56.729746Z",
    "updatedAt" : "2026-04-09T18:36:56.729746Z",
    "items" : [ {
      "id" : "d4ab66e0-16ed-4ff2-b324-d242c1101990",
      "sale_id" : "2229d859-5d34-43f7-a75e-b899c284b232",
      "upc" : "INT-001",
      "product_name" : "Huevo (1kg)",
      "iva_amount" : 0.0,
      "ieps_amount" : 0.0,
      "quantity" : 1.0,
      "unit_price" : 45.0,
      "subtotal" : 45.0,
      "measurementUnit" : "PZA"
    } ]
  }, {
    "id" : "ebb27e26-fb41-448b-af7c-b29ebaff51ca",
    "tenant_id" : "8691f5d8-24f6-4c3d-93a1-0852e9540dae",
    "user_id" : "a4602c27-f504-4eba-bb91-682b7d98ad96",
    "cash_session_id" : "8e5cb70a-5c38-43de-ac69-9f3fe06b428b",
    "folio" : "SAL-20260409-0019",
    "total" : 25.0,
    "payment_type" : "CASH",
    "regBorrado" : 1,
    "createdAt" : "2026-04-09T18:43:02.857810Z",
    "updatedAt" : "2026-04-09T18:43:02.857810Z",
    "items" : [ {
      "id" : "5f9c6c2a-58c2-4363-b404-5e28c559fbbf",
      "sale_id" : "ebb27e26-fb41-448b-af7c-b29ebaff51ca",
      "upc" : "7501032925529",
      "product_name" : "ggcv baygo",
      "iva_amount" : 0.0,
      "ieps_amount" : 0.0,
      "quantity" : 1.0,
      "unit_price" : 25.0,
      "subtotal" : 25.0,
      "measurementUnit" : "PZA"
    } ]
  }, {
    "id" : "b2e5a48e-3078-4820-a40f-c71a5e8e4ea0",
    "tenant_id" : "8691f5d8-24f6-4c3d-93a1-0852e9540dae",
    "user_id" : "a4602c27-f504-4eba-bb91-682b7d98ad96",
    "cash_session_id" : "8e5cb70a-5c38-43de-ac69-9f3fe06b428b",
    "folio" : "SAL-20260409-0020",
    "total" : 141.5,
    "payment_type" : "CASH",
    "regBorrado" : 1,
    "createdAt" : "2026-04-10T03:28:34.379274Z",
    "updatedAt" : "2026-04-10T03:28:34.379274Z",
    "items" : [ {
      "id" : "58b67fe9-8bc7-4515-b53b-2c4e8c416ff1",
      "sale_id" : "b2e5a48e-3078-4820-a40f-c71a5e8e4ea0",
      "upc" : "INT-001",
      "product_name" : "Huevo (1kg)",
      "iva_amount" : 0.0,
      "ieps_amount" : 0.0,
      "quantity" : 2.0,
      "unit_price" : 45.0,
      "subtotal" : 90.0,
      "measurementUnit" : "PZA"
    }, {
      "id" : "f8ad4b8b-af10-4eb2-b7c7-56a87f260f1e",
      "sale_id" : "b2e5a48e-3078-4820-a40f-c71a5e8e4ea0",
      "upc" : "INT-002",
      "product_name" : "Tortillas (1kg)",
      "iva_amount" : 0.0,
      "ieps_amount" : 0.0,
      "quantity" : 2.0,
      "unit_price" : 24.0,
      "subtotal" : 48.0,
      "measurementUnit" : "PZA"
    }, {
      "id" : "7c2e938e-f873-4368-8c43-c6523dfeee00",
      "sale_id" : "b2e5a48e-3078-4820-a40f-c71a5e8e4ea0",
      "upc" : "INT-003",
      "product_name" : "Bolillo (Pza)",
      "iva_amount" : 0.0,
      "ieps_amount" : 0.0,
      "quantity" : 1.0,
      "unit_price" : 3.5,
      "subtotal" : 3.5,
      "measurementUnit" : "PZA"
    } ]
  }, {
    "id" : "d12ae8e9-e319-4c25-93b7-41d59f967c31",
    "tenant_id" : "8691f5d8-24f6-4c3d-93a1-0852e9540dae",
    "user_id" : "a4602c27-f504-4eba-bb91-682b7d98ad96",
    "cash_session_id" : "8e5cb70a-5c38-43de-ac69-9f3fe06b428b",
    "folio" : "SAL-20260409-0021",
    "total" : 90.0,
    "payment_type" : "CASH",
    "regBorrado" : 1,
    "createdAt" : "2026-04-10T03:28:47.399969Z",
    "updatedAt" : "2026-04-10T03:28:47.399969Z",
    "items" : [ {
      "id" : "23ab9a52-f2cf-4c8b-ac4e-e7850dca9dce",
      "sale_id" : "d12ae8e9-e319-4c25-93b7-41d59f967c31",
      "upc" : "INT-001",
      "product_name" : "Huevo (1kg)",
      "iva_amount" : 0.0,
      "ieps_amount" : 0.0,
      "quantity" : 2.0,
      "unit_price" : 45.0,
      "subtotal" : 90.0,
      "measurementUnit" : "PZA"
    } ]
  } ]
}

=========== [ 2026-04-09T23:58:18.868665400-06:00 ] ===========
TENANT_ID: 8691f5d8-24f6-4c3d-93a1-0852e9540dae
RECORDS COUNT: 10
PAYLOAD: 
{
  "tenantId" : "8691f5d8-24f6-4c3d-93a1-0852e9540dae",
  "records" : [ {
    "id" : "61533570-571f-47a8-bf12-7085f7180bf8",
    "tenant_id" : "8691f5d8-24f6-4c3d-93a1-0852e9540dae",
    "user_id" : "a4602c27-f504-4eba-bb91-682b7d98ad96",
    "cash_session_id" : "8e5cb70a-5c38-43de-ac69-9f3fe06b428b",
    "folio" : "SAL-20260409-0012",
    "total" : 5.0,
    "payment_type" : "CASH",
    "regBorrado" : 1,
    "createdAt" : "2026-04-09T11:47:03.032023Z",
    "updatedAt" : "2026-04-09T11:47:03.032023Z",
    "items" : [ {
      "id" : "e1c9c259-ae77-443b-a831-1ceccdbc7b0d",
      "sale_id" : "61533570-571f-47a8-bf12-7085f7180bf8",
      "upc" : "7503039601277",
      "product_name" : "lsldmd",
      "iva_amount" : 0.0,
      "ieps_amount" : 0.0,
      "quantity" : 1.0,
      "unit_price" : 5.0,
      "subtotal" : 5.0,
      "measurementUnit" : "PZA"
    } ]
  }, {
    "id" : "87985203-4b6c-4c80-8b5d-b55e920d7bd7",
    "tenant_id" : "8691f5d8-24f6-4c3d-93a1-0852e9540dae",
    "user_id" : "a4602c27-f504-4eba-bb91-682b7d98ad96",
    "cash_session_id" : "8e5cb70a-5c38-43de-ac69-9f3fe06b428b",
    "folio" : "SAL-20260409-0013",
    "total" : 5.0,
    "payment_type" : "CASH",
    "regBorrado" : 1,
    "createdAt" : "2026-04-09T11:47:14.933403Z",
    "updatedAt" : "2026-04-09T11:47:14.933403Z",
    "items" : [ {
      "id" : "0930c207-9c33-44b8-b011-872a88aa28e4",
      "sale_id" : "87985203-4b6c-4c80-8b5d-b55e920d7bd7",
      "upc" : "7503039601277",
      "product_name" : "lsldmd",
      "iva_amount" : 0.0,
      "ieps_amount" : 0.0,
      "quantity" : 1.0,
      "unit_price" : 5.0,
      "subtotal" : 5.0,
      "measurementUnit" : "PZA"
    } ]
  }, {
    "id" : "e0fbaee4-4f2d-46ca-a5b6-18e21ffadf68",
    "tenant_id" : "8691f5d8-24f6-4c3d-93a1-0852e9540dae",
    "user_id" : "a4602c27-f504-4eba-bb91-682b7d98ad96",
    "cash_session_id" : "8e5cb70a-5c38-43de-ac69-9f3fe06b428b",
    "folio" : "SAL-20260409-0014",
    "total" : 5.0,
    "payment_type" : "CASH",
    "regBorrado" : 1,
    "createdAt" : "2026-04-09T11:47:28.402004Z",
    "updatedAt" : "2026-04-09T11:47:28.402004Z",
    "items" : [ {
      "id" : "013c48b2-23dc-4dfa-aa2f-ff3cf6049477",
      "sale_id" : "e0fbaee4-4f2d-46ca-a5b6-18e21ffadf68",
      "upc" : "7503039601277",
      "product_name" : "lsldmd",
      "iva_amount" : 0.0,
      "ieps_amount" : 0.0,
      "quantity" : 1.0,
      "unit_price" : 5.0,
      "subtotal" : 5.0,
      "measurementUnit" : "PZA"
    } ]
  }, {
    "id" : "655ad33a-a601-44b6-b9de-0ed92abeb955",
    "tenant_id" : "8691f5d8-24f6-4c3d-93a1-0852e9540dae",
    "user_id" : "a4602c27-f504-4eba-bb91-682b7d98ad96",
    "cash_session_id" : "8e5cb70a-5c38-43de-ac69-9f3fe06b428b",
    "folio" : "SAL-20260409-0015",
    "total" : 5.0,
    "payment_type" : "CASH",
    "regBorrado" : 1,
    "createdAt" : "2026-04-09T11:47:38.770874Z",
    "updatedAt" : "2026-04-09T11:47:38.770874Z",
    "items" : [ {
      "id" : "7e73bbd4-b5ae-4922-b691-ce8083eb100d",
      "sale_id" : "655ad33a-a601-44b6-b9de-0ed92abeb955",
      "upc" : "7503039601277",
      "product_name" : "lsldmd",
      "iva_amount" : 0.0,
      "ieps_amount" : 0.0,
      "quantity" : 1.0,
      "unit_price" : 5.0,
      "subtotal" : 5.0,
      "measurementUnit" : "PZA"
    } ]
  }, {
    "id" : "fddb83aa-da21-4a02-beea-4e7d4388a99c",
    "tenant_id" : "8691f5d8-24f6-4c3d-93a1-0852e9540dae",
    "user_id" : "a4602c27-f504-4eba-bb91-682b7d98ad96",
    "cash_session_id" : "8e5cb70a-5c38-43de-ac69-9f3fe06b428b",
    "folio" : "SAL-20260409-0016",
    "total" : 25.0,
    "payment_type" : "CASH",
    "regBorrado" : 1,
    "createdAt" : "2026-04-09T11:50:13.257831Z",
    "updatedAt" : "2026-04-09T11:50:13.257831Z",
    "items" : [ {
      "id" : "a110e63b-a7fc-489e-94ae-68d7dc4209b0",
      "sale_id" : "fddb83aa-da21-4a02-beea-4e7d4388a99c",
      "upc" : "7501055333851",
      "product_name" : "Del Valle Nectar de Durazno",
      "iva_amount" : 0.0,
      "ieps_amount" : 0.0,
      "quantity" : 1.0,
      "unit_price" : 25.0,
      "subtotal" : 25.0,
      "measurementUnit" : "PZA"
    } ]
  }, {
    "id" : "74c5c5e4-6107-47e2-8fdb-31015df0d2ef",
    "tenant_id" : "8691f5d8-24f6-4c3d-93a1-0852e9540dae",
    "user_id" : "a4602c27-f504-4eba-bb91-682b7d98ad96",
    "cash_session_id" : "8e5cb70a-5c38-43de-ac69-9f3fe06b428b",
    "folio" : "SAL-20260409-0017",
    "total" : 674.0,
    "payment_type" : "CASH",
    "regBorrado" : 1,
    "createdAt" : "2026-04-09T12:22:02.165261Z",
    "updatedAt" : "2026-04-09T12:22:02.165261Z",
    "items" : [ {
      "id" : "d8477bf3-9cd5-4318-9cd5-21ff45e8da74",
      "sale_id" : "74c5c5e4-6107-47e2-8fdb-31015df0d2ef",
      "upc" : "N/A",
      "product_name" : "Tortillas (1kg)",
      "iva_amount" : 0.0,
      "ieps_amount" : 0.0,
      "quantity" : 26.0,
      "unit_price" : 24.0,
      "subtotal" : 624.0,
      "measurementUnit" : "PZA"
    }, {
      "id" : "1a0d9b27-d860-409e-95da-502ba38e4b13",
      "sale_id" : "74c5c5e4-6107-47e2-8fdb-31015df0d2ef",
      "upc" : "PRP-719551605",
      "product_name" : "Tacos De Pastor",
      "iva_amount" : 0.0,
      "ieps_amount" : 0.0,
      "quantity" : 1.0,
      "unit_price" : 25.0,
      "subtotal" : 25.0,
      "measurementUnit" : "PZA"
    }, {
      "id" : "b6dfbcf7-445e-4094-94eb-1a849495ffcf",
      "sale_id" : "74c5c5e4-6107-47e2-8fdb-31015df0d2ef",
      "upc" : "7501791669276",
      "product_name" : "AU jamón cocido",
      "iva_amount" : 0.0,
      "ieps_amount" : 0.0,
      "quantity" : 1.0,
      "unit_price" : 25.0,
      "subtotal" : 25.0,
      "measurementUnit" : "PZA"
    } ]
  }, {
    "id" : "2229d859-5d34-43f7-a75e-b899c284b232",
    "tenant_id" : "8691f5d8-24f6-4c3d-93a1-0852e9540dae",
    "user_id" : "a4602c27-f504-4eba-bb91-682b7d98ad96",
    "cash_session_id" : "8e5cb70a-5c38-43de-ac69-9f3fe06b428b",
    "folio" : "SAL-20260409-0018",
    "total" : 45.0,
    "payment_type" : "CASH",
    "regBorrado" : 1,
    "createdAt" : "2026-04-09T18:36:56.729746Z",
    "updatedAt" : "2026-04-09T18:36:56.729746Z",
    "items" : [ {
      "id" : "d4ab66e0-16ed-4ff2-b324-d242c1101990",
      "sale_id" : "2229d859-5d34-43f7-a75e-b899c284b232",
      "upc" : "INT-001",
      "product_name" : "Huevo (1kg)",
      "iva_amount" : 0.0,
      "ieps_amount" : 0.0,
      "quantity" : 1.0,
      "unit_price" : 45.0,
      "subtotal" : 45.0,
      "measurementUnit" : "PZA"
    } ]
  }, {
    "id" : "ebb27e26-fb41-448b-af7c-b29ebaff51ca",
    "tenant_id" : "8691f5d8-24f6-4c3d-93a1-0852e9540dae",
    "user_id" : "a4602c27-f504-4eba-bb91-682b7d98ad96",
    "cash_session_id" : "8e5cb70a-5c38-43de-ac69-9f3fe06b428b",
    "folio" : "SAL-20260409-0019",
    "total" : 25.0,
    "payment_type" : "CASH",
    "regBorrado" : 1,
    "createdAt" : "2026-04-09T18:43:02.857810Z",
    "updatedAt" : "2026-04-09T18:43:02.857810Z",
    "items" : [ {
      "id" : "5f9c6c2a-58c2-4363-b404-5e28c559fbbf",
      "sale_id" : "ebb27e26-fb41-448b-af7c-b29ebaff51ca",
      "upc" : "7501032925529",
      "product_name" : "ggcv baygo",
      "iva_amount" : 0.0,
      "ieps_amount" : 0.0,
      "quantity" : 1.0,
      "unit_price" : 25.0,
      "subtotal" : 25.0,
      "measurementUnit" : "PZA"
    } ]
  }, {
    "id" : "b2e5a48e-3078-4820-a40f-c71a5e8e4ea0",
    "tenant_id" : "8691f5d8-24f6-4c3d-93a1-0852e9540dae",
    "user_id" : "a4602c27-f504-4eba-bb91-682b7d98ad96",
    "cash_session_id" : "8e5cb70a-5c38-43de-ac69-9f3fe06b428b",
    "folio" : "SAL-20260409-0020",
    "total" : 141.5,
    "payment_type" : "CASH",
    "regBorrado" : 1,
    "createdAt" : "2026-04-10T03:28:34.379274Z",
    "updatedAt" : "2026-04-10T03:28:34.379274Z",
    "items" : [ {
      "id" : "58b67fe9-8bc7-4515-b53b-2c4e8c416ff1",
      "sale_id" : "b2e5a48e-3078-4820-a40f-c71a5e8e4ea0",
      "upc" : "INT-001",
      "product_name" : "Huevo (1kg)",
      "iva_amount" : 0.0,
      "ieps_amount" : 0.0,
      "quantity" : 2.0,
      "unit_price" : 45.0,
      "subtotal" : 90.0,
      "measurementUnit" : "PZA"
    }, {
      "id" : "f8ad4b8b-af10-4eb2-b7c7-56a87f260f1e",
      "sale_id" : "b2e5a48e-3078-4820-a40f-c71a5e8e4ea0",
      "upc" : "INT-002",
      "product_name" : "Tortillas (1kg)",
      "iva_amount" : 0.0,
      "ieps_amount" : 0.0,
      "quantity" : 2.0,
      "unit_price" : 24.0,
      "subtotal" : 48.0,
      "measurementUnit" : "PZA"
    }, {
      "id" : "7c2e938e-f873-4368-8c43-c6523dfeee00",
      "sale_id" : "b2e5a48e-3078-4820-a40f-c71a5e8e4ea0",
      "upc" : "INT-003",
      "product_name" : "Bolillo (Pza)",
      "iva_amount" : 0.0,
      "ieps_amount" : 0.0,
      "quantity" : 1.0,
      "unit_price" : 3.5,
      "subtotal" : 3.5,
      "measurementUnit" : "PZA"
    } ]
  }, {
    "id" : "d12ae8e9-e319-4c25-93b7-41d59f967c31",
    "tenant_id" : "8691f5d8-24f6-4c3d-93a1-0852e9540dae",
    "user_id" : "a4602c27-f504-4eba-bb91-682b7d98ad96",
    "cash_session_id" : "8e5cb70a-5c38-43de-ac69-9f3fe06b428b",
    "folio" : "SAL-20260409-0021",
    "total" : 90.0,
    "payment_type" : "CASH",
    "regBorrado" : 1,
    "createdAt" : "2026-04-10T03:28:47.399969Z",
    "updatedAt" : "2026-04-10T03:28:47.399969Z",
    "items" : [ {
      "id" : "23ab9a52-f2cf-4c8b-ac4e-e7850dca9dce",
      "sale_id" : "d12ae8e9-e319-4c25-93b7-41d59f967c31",
      "upc" : "INT-001",
      "product_name" : "Huevo (1kg)",
      "iva_amount" : 0.0,
      "ieps_amount" : 0.0,
      "quantity" : 2.0,
      "unit_price" : 45.0,
      "subtotal" : 90.0,
      "measurementUnit" : "PZA"
    } ]
  } ]
}

=========== [ 2026-04-10T00:08:43.180134600-06:00 ] ===========
TENANT_ID: 8691f5d8-24f6-4c3d-93a1-0852e9540dae
RECORDS COUNT: 10
PAYLOAD: 
{
  "tenantId" : "8691f5d8-24f6-4c3d-93a1-0852e9540dae",
  "records" : [ {
    "id" : "61533570-571f-47a8-bf12-7085f7180bf8",
    "tenant_id" : "8691f5d8-24f6-4c3d-93a1-0852e9540dae",
    "user_id" : "a4602c27-f504-4eba-bb91-682b7d98ad96",
    "cash_session_id" : "8e5cb70a-5c38-43de-ac69-9f3fe06b428b",
    "folio" : "SAL-20260409-0012",
    "total" : 5.0,
    "payment_type" : "CASH",
    "regBorrado" : 1,
    "createdAt" : "2026-04-09T11:47:03.032023Z",
    "updatedAt" : "2026-04-09T11:47:03.032023Z",
    "items" : [ {
      "id" : "e1c9c259-ae77-443b-a831-1ceccdbc7b0d",
      "sale_id" : "61533570-571f-47a8-bf12-7085f7180bf8",
      "upc" : "7503039601277",
      "product_name" : "lsldmd",
      "iva_amount" : 0.0,
      "ieps_amount" : 0.0,
      "quantity" : 1.0,
      "unit_price" : 5.0,
      "subtotal" : 5.0,
      "measurementUnit" : "PZA"
    } ]
  }, {
    "id" : "87985203-4b6c-4c80-8b5d-b55e920d7bd7",
    "tenant_id" : "8691f5d8-24f6-4c3d-93a1-0852e9540dae",
    "user_id" : "a4602c27-f504-4eba-bb91-682b7d98ad96",
    "cash_session_id" : "8e5cb70a-5c38-43de-ac69-9f3fe06b428b",
    "folio" : "SAL-20260409-0013",
    "total" : 5.0,
    "payment_type" : "CASH",
    "regBorrado" : 1,
    "createdAt" : "2026-04-09T11:47:14.933403Z",
    "updatedAt" : "2026-04-09T11:47:14.933403Z",
    "items" : [ {
      "id" : "0930c207-9c33-44b8-b011-872a88aa28e4",
      "sale_id" : "87985203-4b6c-4c80-8b5d-b55e920d7bd7",
      "upc" : "7503039601277",
      "product_name" : "lsldmd",
      "iva_amount" : 0.0,
      "ieps_amount" : 0.0,
      "quantity" : 1.0,
      "unit_price" : 5.0,
      "subtotal" : 5.0,
      "measurementUnit" : "PZA"
    } ]
  }, {
    "id" : "e0fbaee4-4f2d-46ca-a5b6-18e21ffadf68",
    "tenant_id" : "8691f5d8-24f6-4c3d-93a1-0852e9540dae",
    "user_id" : "a4602c27-f504-4eba-bb91-682b7d98ad96",
    "cash_session_id" : "8e5cb70a-5c38-43de-ac69-9f3fe06b428b",
    "folio" : "SAL-20260409-0014",
    "total" : 5.0,
    "payment_type" : "CASH",
    "regBorrado" : 1,
    "createdAt" : "2026-04-09T11:47:28.402004Z",
    "updatedAt" : "2026-04-09T11:47:28.402004Z",
    "items" : [ {
      "id" : "013c48b2-23dc-4dfa-aa2f-ff3cf6049477",
      "sale_id" : "e0fbaee4-4f2d-46ca-a5b6-18e21ffadf68",
      "upc" : "7503039601277",
      "product_name" : "lsldmd",
      "iva_amount" : 0.0,
      "ieps_amount" : 0.0,
      "quantity" : 1.0,
      "unit_price" : 5.0,
      "subtotal" : 5.0,
      "measurementUnit" : "PZA"
    } ]
  }, {
    "id" : "655ad33a-a601-44b6-b9de-0ed92abeb955",
    "tenant_id" : "8691f5d8-24f6-4c3d-93a1-0852e9540dae",
    "user_id" : "a4602c27-f504-4eba-bb91-682b7d98ad96",
    "cash_session_id" : "8e5cb70a-5c38-43de-ac69-9f3fe06b428b",
    "folio" : "SAL-20260409-0015",
    "total" : 5.0,
    "payment_type" : "CASH",
    "regBorrado" : 1,
    "createdAt" : "2026-04-09T11:47:38.770874Z",
    "updatedAt" : "2026-04-09T11:47:38.770874Z",
    "items" : [ {
      "id" : "7e73bbd4-b5ae-4922-b691-ce8083eb100d",
      "sale_id" : "655ad33a-a601-44b6-b9de-0ed92abeb955",
      "upc" : "7503039601277",
      "product_name" : "lsldmd",
      "iva_amount" : 0.0,
      "ieps_amount" : 0.0,
      "quantity" : 1.0,
      "unit_price" : 5.0,
      "subtotal" : 5.0,
      "measurementUnit" : "PZA"
    } ]
  }, {
    "id" : "fddb83aa-da21-4a02-beea-4e7d4388a99c",
    "tenant_id" : "8691f5d8-24f6-4c3d-93a1-0852e9540dae",
    "user_id" : "a4602c27-f504-4eba-bb91-682b7d98ad96",
    "cash_session_id" : "8e5cb70a-5c38-43de-ac69-9f3fe06b428b",
    "folio" : "SAL-20260409-0016",
    "total" : 25.0,
    "payment_type" : "CASH",
    "regBorrado" : 1,
    "createdAt" : "2026-04-09T11:50:13.257831Z",
    "updatedAt" : "2026-04-09T11:50:13.257831Z",
    "items" : [ {
      "id" : "a110e63b-a7fc-489e-94ae-68d7dc4209b0",
      "sale_id" : "fddb83aa-da21-4a02-beea-4e7d4388a99c",
      "upc" : "7501055333851",
      "product_name" : "Del Valle Nectar de Durazno",
      "iva_amount" : 0.0,
      "ieps_amount" : 0.0,
      "quantity" : 1.0,
      "unit_price" : 25.0,
      "subtotal" : 25.0,
      "measurementUnit" : "PZA"
    } ]
  }, {
    "id" : "74c5c5e4-6107-47e2-8fdb-31015df0d2ef",
    "tenant_id" : "8691f5d8-24f6-4c3d-93a1-0852e9540dae",
    "user_id" : "a4602c27-f504-4eba-bb91-682b7d98ad96",
    "cash_session_id" : "8e5cb70a-5c38-43de-ac69-9f3fe06b428b",
    "folio" : "SAL-20260409-0017",
    "total" : 674.0,
    "payment_type" : "CASH",
    "regBorrado" : 1,
    "createdAt" : "2026-04-09T12:22:02.165261Z",
    "updatedAt" : "2026-04-09T12:22:02.165261Z",
    "items" : [ {
      "id" : "d8477bf3-9cd5-4318-9cd5-21ff45e8da74",
      "sale_id" : "74c5c5e4-6107-47e2-8fdb-31015df0d2ef",
      "upc" : "N/A",
      "product_name" : "Tortillas (1kg)",
      "iva_amount" : 0.0,
      "ieps_amount" : 0.0,
      "quantity" : 26.0,
      "unit_price" : 24.0,
      "subtotal" : 624.0,
      "measurementUnit" : "PZA"
    }, {
      "id" : "1a0d9b27-d860-409e-95da-502ba38e4b13",
      "sale_id" : "74c5c5e4-6107-47e2-8fdb-31015df0d2ef",
      "upc" : "PRP-719551605",
      "product_name" : "Tacos De Pastor",
      "iva_amount" : 0.0,
      "ieps_amount" : 0.0,
      "quantity" : 1.0,
      "unit_price" : 25.0,
      "subtotal" : 25.0,
      "measurementUnit" : "PZA"
    }, {
      "id" : "b6dfbcf7-445e-4094-94eb-1a849495ffcf",
      "sale_id" : "74c5c5e4-6107-47e2-8fdb-31015df0d2ef",
      "upc" : "7501791669276",
      "product_name" : "AU jamón cocido",
      "iva_amount" : 0.0,
      "ieps_amount" : 0.0,
      "quantity" : 1.0,
      "unit_price" : 25.0,
      "subtotal" : 25.0,
      "measurementUnit" : "PZA"
    } ]
  }, {
    "id" : "2229d859-5d34-43f7-a75e-b899c284b232",
    "tenant_id" : "8691f5d8-24f6-4c3d-93a1-0852e9540dae",
    "user_id" : "a4602c27-f504-4eba-bb91-682b7d98ad96",
    "cash_session_id" : "8e5cb70a-5c38-43de-ac69-9f3fe06b428b",
    "folio" : "SAL-20260409-0018",
    "total" : 45.0,
    "payment_type" : "CASH",
    "regBorrado" : 1,
    "createdAt" : "2026-04-09T18:36:56.729746Z",
    "updatedAt" : "2026-04-09T18:36:56.729746Z",
    "items" : [ {
      "id" : "d4ab66e0-16ed-4ff2-b324-d242c1101990",
      "sale_id" : "2229d859-5d34-43f7-a75e-b899c284b232",
      "upc" : "INT-001",
      "product_name" : "Huevo (1kg)",
      "iva_amount" : 0.0,
      "ieps_amount" : 0.0,
      "quantity" : 1.0,
      "unit_price" : 45.0,
      "subtotal" : 45.0,
      "measurementUnit" : "PZA"
    } ]
  }, {
    "id" : "ebb27e26-fb41-448b-af7c-b29ebaff51ca",
    "tenant_id" : "8691f5d8-24f6-4c3d-93a1-0852e9540dae",
    "user_id" : "a4602c27-f504-4eba-bb91-682b7d98ad96",
    "cash_session_id" : "8e5cb70a-5c38-43de-ac69-9f3fe06b428b",
    "folio" : "SAL-20260409-0019",
    "total" : 25.0,
    "payment_type" : "CASH",
    "regBorrado" : 1,
    "createdAt" : "2026-04-09T18:43:02.857810Z",
    "updatedAt" : "2026-04-09T18:43:02.857810Z",
    "items" : [ {
      "id" : "5f9c6c2a-58c2-4363-b404-5e28c559fbbf",
      "sale_id" : "ebb27e26-fb41-448b-af7c-b29ebaff51ca",
      "upc" : "7501032925529",
      "product_name" : "ggcv baygo",
      "iva_amount" : 0.0,
      "ieps_amount" : 0.0,
      "quantity" : 1.0,
      "unit_price" : 25.0,
      "subtotal" : 25.0,
      "measurementUnit" : "PZA"
    } ]
  }, {
    "id" : "b2e5a48e-3078-4820-a40f-c71a5e8e4ea0",
    "tenant_id" : "8691f5d8-24f6-4c3d-93a1-0852e9540dae",
    "user_id" : "a4602c27-f504-4eba-bb91-682b7d98ad96",
    "cash_session_id" : "8e5cb70a-5c38-43de-ac69-9f3fe06b428b",
    "folio" : "SAL-20260409-0020",
    "total" : 141.5,
    "payment_type" : "CASH",
    "regBorrado" : 1,
    "createdAt" : "2026-04-10T03:28:34.379274Z",
    "updatedAt" : "2026-04-10T03:28:34.379274Z",
    "items" : [ {
      "id" : "58b67fe9-8bc7-4515-b53b-2c4e8c416ff1",
      "sale_id" : "b2e5a48e-3078-4820-a40f-c71a5e8e4ea0",
      "upc" : "INT-001",
      "product_name" : "Huevo (1kg)",
      "iva_amount" : 0.0,
      "ieps_amount" : 0.0,
      "quantity" : 2.0,
      "unit_price" : 45.0,
      "subtotal" : 90.0,
      "measurementUnit" : "PZA"
    }, {
      "id" : "f8ad4b8b-af10-4eb2-b7c7-56a87f260f1e",
      "sale_id" : "b2e5a48e-3078-4820-a40f-c71a5e8e4ea0",
      "upc" : "INT-002",
      "product_name" : "Tortillas (1kg)",
      "iva_amount" : 0.0,
      "ieps_amount" : 0.0,
      "quantity" : 2.0,
      "unit_price" : 24.0,
      "subtotal" : 48.0,
      "measurementUnit" : "PZA"
    }, {
      "id" : "7c2e938e-f873-4368-8c43-c6523dfeee00",
      "sale_id" : "b2e5a48e-3078-4820-a40f-c71a5e8e4ea0",
      "upc" : "INT-003",
      "product_name" : "Bolillo (Pza)",
      "iva_amount" : 0.0,
      "ieps_amount" : 0.0,
      "quantity" : 1.0,
      "unit_price" : 3.5,
      "subtotal" : 3.5,
      "measurementUnit" : "PZA"
    } ]
  }, {
    "id" : "d12ae8e9-e319-4c25-93b7-41d59f967c31",
    "tenant_id" : "8691f5d8-24f6-4c3d-93a1-0852e9540dae",
    "user_id" : "a4602c27-f504-4eba-bb91-682b7d98ad96",
    "cash_session_id" : "8e5cb70a-5c38-43de-ac69-9f3fe06b428b",
    "folio" : "SAL-20260409-0021",
    "total" : 90.0,
    "payment_type" : "CASH",
    "regBorrado" : 1,
    "createdAt" : "2026-04-10T03:28:47.399969Z",
    "updatedAt" : "2026-04-10T03:28:47.399969Z",
    "items" : [ {
      "id" : "23ab9a52-f2cf-4c8b-ac4e-e7850dca9dce",
      "sale_id" : "d12ae8e9-e319-4c25-93b7-41d59f967c31",
      "upc" : "INT-001",
      "product_name" : "Huevo (1kg)",
      "iva_amount" : 0.0,
      "ieps_amount" : 0.0,
      "quantity" : 2.0,
      "unit_price" : 45.0,
      "subtotal" : 90.0,
      "measurementUnit" : "PZA"
    } ]
  } ]
}

=========== [ 2026-04-10T00:09:27.621646700-06:00 ] ===========
TENANT_ID: 8691f5d8-24f6-4c3d-93a1-0852e9540dae
RECORDS COUNT: 10
PAYLOAD: 
{
  "tenantId" : "8691f5d8-24f6-4c3d-93a1-0852e9540dae",
  "records" : [ {
    "id" : "61533570-571f-47a8-bf12-7085f7180bf8",
    "tenant_id" : "8691f5d8-24f6-4c3d-93a1-0852e9540dae",
    "user_id" : "a4602c27-f504-4eba-bb91-682b7d98ad96",
    "cash_session_id" : "8e5cb70a-5c38-43de-ac69-9f3fe06b428b",
    "folio" : "SAL-20260409-0012",
    "total" : 5.0,
    "payment_type" : "CASH",
    "regBorrado" : 1,
    "createdAt" : "2026-04-09T11:47:03.032023Z",
    "updatedAt" : "2026-04-09T11:47:03.032023Z",
    "items" : [ {
      "id" : "e1c9c259-ae77-443b-a831-1ceccdbc7b0d",
      "sale_id" : "61533570-571f-47a8-bf12-7085f7180bf8",
      "upc" : "7503039601277",
      "product_name" : "lsldmd",
      "iva_amount" : 0.0,
      "ieps_amount" : 0.0,
      "quantity" : 1.0,
      "unit_price" : 5.0,
      "subtotal" : 5.0,
      "measurementUnit" : "PZA"
    } ]
  }, {
    "id" : "87985203-4b6c-4c80-8b5d-b55e920d7bd7",
    "tenant_id" : "8691f5d8-24f6-4c3d-93a1-0852e9540dae",
    "user_id" : "a4602c27-f504-4eba-bb91-682b7d98ad96",
    "cash_session_id" : "8e5cb70a-5c38-43de-ac69-9f3fe06b428b",
    "folio" : "SAL-20260409-0013",
    "total" : 5.0,
    "payment_type" : "CASH",
    "regBorrado" : 1,
    "createdAt" : "2026-04-09T11:47:14.933403Z",
    "updatedAt" : "2026-04-09T11:47:14.933403Z",
    "items" : [ {
      "id" : "0930c207-9c33-44b8-b011-872a88aa28e4",
      "sale_id" : "87985203-4b6c-4c80-8b5d-b55e920d7bd7",
      "upc" : "7503039601277",
      "product_name" : "lsldmd",
      "iva_amount" : 0.0,
      "ieps_amount" : 0.0,
      "quantity" : 1.0,
      "unit_price" : 5.0,
      "subtotal" : 5.0,
      "measurementUnit" : "PZA"
    } ]
  }, {
    "id" : "e0fbaee4-4f2d-46ca-a5b6-18e21ffadf68",
    "tenant_id" : "8691f5d8-24f6-4c3d-93a1-0852e9540dae",
    "user_id" : "a4602c27-f504-4eba-bb91-682b7d98ad96",
    "cash_session_id" : "8e5cb70a-5c38-43de-ac69-9f3fe06b428b",
    "folio" : "SAL-20260409-0014",
    "total" : 5.0,
    "payment_type" : "CASH",
    "regBorrado" : 1,
    "createdAt" : "2026-04-09T11:47:28.402004Z",
    "updatedAt" : "2026-04-09T11:47:28.402004Z",
    "items" : [ {
      "id" : "013c48b2-23dc-4dfa-aa2f-ff3cf6049477",
      "sale_id" : "e0fbaee4-4f2d-46ca-a5b6-18e21ffadf68",
      "upc" : "7503039601277",
      "product_name" : "lsldmd",
      "iva_amount" : 0.0,
      "ieps_amount" : 0.0,
      "quantity" : 1.0,
      "unit_price" : 5.0,
      "subtotal" : 5.0,
      "measurementUnit" : "PZA"
    } ]
  }, {
    "id" : "655ad33a-a601-44b6-b9de-0ed92abeb955",
    "tenant_id" : "8691f5d8-24f6-4c3d-93a1-0852e9540dae",
    "user_id" : "a4602c27-f504-4eba-bb91-682b7d98ad96",
    "cash_session_id" : "8e5cb70a-5c38-43de-ac69-9f3fe06b428b",
    "folio" : "SAL-20260409-0015",
    "total" : 5.0,
    "payment_type" : "CASH",
    "regBorrado" : 1,
    "createdAt" : "2026-04-09T11:47:38.770874Z",
    "updatedAt" : "2026-04-09T11:47:38.770874Z",
    "items" : [ {
      "id" : "7e73bbd4-b5ae-4922-b691-ce8083eb100d",
      "sale_id" : "655ad33a-a601-44b6-b9de-0ed92abeb955",
      "upc" : "7503039601277",
      "product_name" : "lsldmd",
      "iva_amount" : 0.0,
      "ieps_amount" : 0.0,
      "quantity" : 1.0,
      "unit_price" : 5.0,
      "subtotal" : 5.0,
      "measurementUnit" : "PZA"
    } ]
  }, {
    "id" : "fddb83aa-da21-4a02-beea-4e7d4388a99c",
    "tenant_id" : "8691f5d8-24f6-4c3d-93a1-0852e9540dae",
    "user_id" : "a4602c27-f504-4eba-bb91-682b7d98ad96",
    "cash_session_id" : "8e5cb70a-5c38-43de-ac69-9f3fe06b428b",
    "folio" : "SAL-20260409-0016",
    "total" : 25.0,
    "payment_type" : "CASH",
    "regBorrado" : 1,
    "createdAt" : "2026-04-09T11:50:13.257831Z",
    "updatedAt" : "2026-04-09T11:50:13.257831Z",
    "items" : [ {
      "id" : "a110e63b-a7fc-489e-94ae-68d7dc4209b0",
      "sale_id" : "fddb83aa-da21-4a02-beea-4e7d4388a99c",
      "upc" : "7501055333851",
      "product_name" : "Del Valle Nectar de Durazno",
      "iva_amount" : 0.0,
      "ieps_amount" : 0.0,
      "quantity" : 1.0,
      "unit_price" : 25.0,
      "subtotal" : 25.0,
      "measurementUnit" : "PZA"
    } ]
  }, {
    "id" : "74c5c5e4-6107-47e2-8fdb-31015df0d2ef",
    "tenant_id" : "8691f5d8-24f6-4c3d-93a1-0852e9540dae",
    "user_id" : "a4602c27-f504-4eba-bb91-682b7d98ad96",
    "cash_session_id" : "8e5cb70a-5c38-43de-ac69-9f3fe06b428b",
    "folio" : "SAL-20260409-0017",
    "total" : 674.0,
    "payment_type" : "CASH",
    "regBorrado" : 1,
    "createdAt" : "2026-04-09T12:22:02.165261Z",
    "updatedAt" : "2026-04-09T12:22:02.165261Z",
    "items" : [ {
      "id" : "d8477bf3-9cd5-4318-9cd5-21ff45e8da74",
      "sale_id" : "74c5c5e4-6107-47e2-8fdb-31015df0d2ef",
      "upc" : "N/A",
      "product_name" : "Tortillas (1kg)",
      "iva_amount" : 0.0,
      "ieps_amount" : 0.0,
      "quantity" : 26.0,
      "unit_price" : 24.0,
      "subtotal" : 624.0,
      "measurementUnit" : "PZA"
    }, {
      "id" : "1a0d9b27-d860-409e-95da-502ba38e4b13",
      "sale_id" : "74c5c5e4-6107-47e2-8fdb-31015df0d2ef",
      "upc" : "PRP-719551605",
      "product_name" : "Tacos De Pastor",
      "iva_amount" : 0.0,
      "ieps_amount" : 0.0,
      "quantity" : 1.0,
      "unit_price" : 25.0,
      "subtotal" : 25.0,
      "measurementUnit" : "PZA"
    }, {
      "id" : "b6dfbcf7-445e-4094-94eb-1a849495ffcf",
      "sale_id" : "74c5c5e4-6107-47e2-8fdb-31015df0d2ef",
      "upc" : "7501791669276",
      "product_name" : "AU jamón cocido",
      "iva_amount" : 0.0,
      "ieps_amount" : 0.0,
      "quantity" : 1.0,
      "unit_price" : 25.0,
      "subtotal" : 25.0,
      "measurementUnit" : "PZA"
    } ]
  }, {
    "id" : "2229d859-5d34-43f7-a75e-b899c284b232",
    "tenant_id" : "8691f5d8-24f6-4c3d-93a1-0852e9540dae",
    "user_id" : "a4602c27-f504-4eba-bb91-682b7d98ad96",
    "cash_session_id" : "8e5cb70a-5c38-43de-ac69-9f3fe06b428b",
    "folio" : "SAL-20260409-0018",
    "total" : 45.0,
    "payment_type" : "CASH",
    "regBorrado" : 1,
    "createdAt" : "2026-04-09T18:36:56.729746Z",
    "updatedAt" : "2026-04-09T18:36:56.729746Z",
    "items" : [ {
      "id" : "d4ab66e0-16ed-4ff2-b324-d242c1101990",
      "sale_id" : "2229d859-5d34-43f7-a75e-b899c284b232",
      "upc" : "INT-001",
      "product_name" : "Huevo (1kg)",
      "iva_amount" : 0.0,
      "ieps_amount" : 0.0,
      "quantity" : 1.0,
      "unit_price" : 45.0,
      "subtotal" : 45.0,
      "measurementUnit" : "PZA"
    } ]
  }, {
    "id" : "ebb27e26-fb41-448b-af7c-b29ebaff51ca",
    "tenant_id" : "8691f5d8-24f6-4c3d-93a1-0852e9540dae",
    "user_id" : "a4602c27-f504-4eba-bb91-682b7d98ad96",
    "cash_session_id" : "8e5cb70a-5c38-43de-ac69-9f3fe06b428b",
    "folio" : "SAL-20260409-0019",
    "total" : 25.0,
    "payment_type" : "CASH",
    "regBorrado" : 1,
    "createdAt" : "2026-04-09T18:43:02.857810Z",
    "updatedAt" : "2026-04-09T18:43:02.857810Z",
    "items" : [ {
      "id" : "5f9c6c2a-58c2-4363-b404-5e28c559fbbf",
      "sale_id" : "ebb27e26-fb41-448b-af7c-b29ebaff51ca",
      "upc" : "7501032925529",
      "product_name" : "ggcv baygo",
      "iva_amount" : 0.0,
      "ieps_amount" : 0.0,
      "quantity" : 1.0,
      "unit_price" : 25.0,
      "subtotal" : 25.0,
      "measurementUnit" : "PZA"
    } ]
  }, {
    "id" : "b2e5a48e-3078-4820-a40f-c71a5e8e4ea0",
    "tenant_id" : "8691f5d8-24f6-4c3d-93a1-0852e9540dae",
    "user_id" : "a4602c27-f504-4eba-bb91-682b7d98ad96",
    "cash_session_id" : "8e5cb70a-5c38-43de-ac69-9f3fe06b428b",
    "folio" : "SAL-20260409-0020",
    "total" : 141.5,
    "payment_type" : "CASH",
    "regBorrado" : 1,
    "createdAt" : "2026-04-10T03:28:34.379274Z",
    "updatedAt" : "2026-04-10T03:28:34.379274Z",
    "items" : [ {
      "id" : "58b67fe9-8bc7-4515-b53b-2c4e8c416ff1",
      "sale_id" : "b2e5a48e-3078-4820-a40f-c71a5e8e4ea0",
      "upc" : "INT-001",
      "product_name" : "Huevo (1kg)",
      "iva_amount" : 0.0,
      "ieps_amount" : 0.0,
      "quantity" : 2.0,
      "unit_price" : 45.0,
      "subtotal" : 90.0,
      "measurementUnit" : "PZA"
    }, {
      "id" : "f8ad4b8b-af10-4eb2-b7c7-56a87f260f1e",
      "sale_id" : "b2e5a48e-3078-4820-a40f-c71a5e8e4ea0",
      "upc" : "INT-002",
      "product_name" : "Tortillas (1kg)",
      "iva_amount" : 0.0,
      "ieps_amount" : 0.0,
      "quantity" : 2.0,
      "unit_price" : 24.0,
      "subtotal" : 48.0,
      "measurementUnit" : "PZA"
    }, {
      "id" : "7c2e938e-f873-4368-8c43-c6523dfeee00",
      "sale_id" : "b2e5a48e-3078-4820-a40f-c71a5e8e4ea0",
      "upc" : "INT-003",
      "product_name" : "Bolillo (Pza)",
      "iva_amount" : 0.0,
      "ieps_amount" : 0.0,
      "quantity" : 1.0,
      "unit_price" : 3.5,
      "subtotal" : 3.5,
      "measurementUnit" : "PZA"
    } ]
  }, {
    "id" : "d12ae8e9-e319-4c25-93b7-41d59f967c31",
    "tenant_id" : "8691f5d8-24f6-4c3d-93a1-0852e9540dae",
    "user_id" : "a4602c27-f504-4eba-bb91-682b7d98ad96",
    "cash_session_id" : "8e5cb70a-5c38-43de-ac69-9f3fe06b428b",
    "folio" : "SAL-20260409-0021",
    "total" : 90.0,
    "payment_type" : "CASH",
    "regBorrado" : 1,
    "createdAt" : "2026-04-10T03:28:47.399969Z",
    "updatedAt" : "2026-04-10T03:28:47.399969Z",
    "items" : [ {
      "id" : "23ab9a52-f2cf-4c8b-ac4e-e7850dca9dce",
      "sale_id" : "d12ae8e9-e319-4c25-93b7-41d59f967c31",
      "upc" : "INT-001",
      "product_name" : "Huevo (1kg)",
      "iva_amount" : 0.0,
      "ieps_amount" : 0.0,
      "quantity" : 2.0,
      "unit_price" : 45.0,
      "subtotal" : 90.0,
      "measurementUnit" : "PZA"
    } ]
  } ]
}

=========== [ 2026-04-10T00:10:26.900670800-06:00 ] ===========
TENANT_ID: 8691f5d8-24f6-4c3d-93a1-0852e9540dae
RECORDS COUNT: 10
PAYLOAD: 
{
  "tenantId" : "8691f5d8-24f6-4c3d-93a1-0852e9540dae",
  "records" : [ {
    "id" : "61533570-571f-47a8-bf12-7085f7180bf8",
    "tenant_id" : "8691f5d8-24f6-4c3d-93a1-0852e9540dae",
    "user_id" : "a4602c27-f504-4eba-bb91-682b7d98ad96",
    "cash_session_id" : "8e5cb70a-5c38-43de-ac69-9f3fe06b428b",
    "folio" : "SAL-20260409-0012",
    "total" : 5.0,
    "payment_type" : "CASH",
    "regBorrado" : 1,
    "createdAt" : "2026-04-09T11:47:03.032023Z",
    "updatedAt" : "2026-04-09T11:47:03.032023Z",
    "items" : [ {
      "id" : "e1c9c259-ae77-443b-a831-1ceccdbc7b0d",
      "sale_id" : "61533570-571f-47a8-bf12-7085f7180bf8",
      "upc" : "7503039601277",
      "product_name" : "lsldmd",
      "iva_amount" : 0.0,
      "ieps_amount" : 0.0,
      "quantity" : 1.0,
      "unit_price" : 5.0,
      "subtotal" : 5.0,
      "measurementUnit" : "PZA"
    } ]
  }, {
    "id" : "87985203-4b6c-4c80-8b5d-b55e920d7bd7",
    "tenant_id" : "8691f5d8-24f6-4c3d-93a1-0852e9540dae",
    "user_id" : "a4602c27-f504-4eba-bb91-682b7d98ad96",
    "cash_session_id" : "8e5cb70a-5c38-43de-ac69-9f3fe06b428b",
    "folio" : "SAL-20260409-0013",
    "total" : 5.0,
    "payment_type" : "CASH",
    "regBorrado" : 1,
    "createdAt" : "2026-04-09T11:47:14.933403Z",
    "updatedAt" : "2026-04-09T11:47:14.933403Z",
    "items" : [ {
      "id" : "0930c207-9c33-44b8-b011-872a88aa28e4",
      "sale_id" : "87985203-4b6c-4c80-8b5d-b55e920d7bd7",
      "upc" : "7503039601277",
      "product_name" : "lsldmd",
      "iva_amount" : 0.0,
      "ieps_amount" : 0.0,
      "quantity" : 1.0,
      "unit_price" : 5.0,
      "subtotal" : 5.0,
      "measurementUnit" : "PZA"
    } ]
  }, {
    "id" : "e0fbaee4-4f2d-46ca-a5b6-18e21ffadf68",
    "tenant_id" : "8691f5d8-24f6-4c3d-93a1-0852e9540dae",
    "user_id" : "a4602c27-f504-4eba-bb91-682b7d98ad96",
    "cash_session_id" : "8e5cb70a-5c38-43de-ac69-9f3fe06b428b",
    "folio" : "SAL-20260409-0014",
    "total" : 5.0,
    "payment_type" : "CASH",
    "regBorrado" : 1,
    "createdAt" : "2026-04-09T11:47:28.402004Z",
    "updatedAt" : "2026-04-09T11:47:28.402004Z",
    "items" : [ {
      "id" : "013c48b2-23dc-4dfa-aa2f-ff3cf6049477",
      "sale_id" : "e0fbaee4-4f2d-46ca-a5b6-18e21ffadf68",
      "upc" : "7503039601277",
      "product_name" : "lsldmd",
      "iva_amount" : 0.0,
      "ieps_amount" : 0.0,
      "quantity" : 1.0,
      "unit_price" : 5.0,
      "subtotal" : 5.0,
      "measurementUnit" : "PZA"
    } ]
  }, {
    "id" : "655ad33a-a601-44b6-b9de-0ed92abeb955",
    "tenant_id" : "8691f5d8-24f6-4c3d-93a1-0852e9540dae",
    "user_id" : "a4602c27-f504-4eba-bb91-682b7d98ad96",
    "cash_session_id" : "8e5cb70a-5c38-43de-ac69-9f3fe06b428b",
    "folio" : "SAL-20260409-0015",
    "total" : 5.0,
    "payment_type" : "CASH",
    "regBorrado" : 1,
    "createdAt" : "2026-04-09T11:47:38.770874Z",
    "updatedAt" : "2026-04-09T11:47:38.770874Z",
    "items" : [ {
      "id" : "7e73bbd4-b5ae-4922-b691-ce8083eb100d",
      "sale_id" : "655ad33a-a601-44b6-b9de-0ed92abeb955",
      "upc" : "7503039601277",
      "product_name" : "lsldmd",
      "iva_amount" : 0.0,
      "ieps_amount" : 0.0,
      "quantity" : 1.0,
      "unit_price" : 5.0,
      "subtotal" : 5.0,
      "measurementUnit" : "PZA"
    } ]
  }, {
    "id" : "fddb83aa-da21-4a02-beea-4e7d4388a99c",
    "tenant_id" : "8691f5d8-24f6-4c3d-93a1-0852e9540dae",
    "user_id" : "a4602c27-f504-4eba-bb91-682b7d98ad96",
    "cash_session_id" : "8e5cb70a-5c38-43de-ac69-9f3fe06b428b",
    "folio" : "SAL-20260409-0016",
    "total" : 25.0,
    "payment_type" : "CASH",
    "regBorrado" : 1,
    "createdAt" : "2026-04-09T11:50:13.257831Z",
    "updatedAt" : "2026-04-09T11:50:13.257831Z",
    "items" : [ {
      "id" : "a110e63b-a7fc-489e-94ae-68d7dc4209b0",
      "sale_id" : "fddb83aa-da21-4a02-beea-4e7d4388a99c",
      "upc" : "7501055333851",
      "product_name" : "Del Valle Nectar de Durazno",
      "iva_amount" : 0.0,
      "ieps_amount" : 0.0,
      "quantity" : 1.0,
      "unit_price" : 25.0,
      "subtotal" : 25.0,
      "measurementUnit" : "PZA"
    } ]
  }, {
    "id" : "74c5c5e4-6107-47e2-8fdb-31015df0d2ef",
    "tenant_id" : "8691f5d8-24f6-4c3d-93a1-0852e9540dae",
    "user_id" : "a4602c27-f504-4eba-bb91-682b7d98ad96",
    "cash_session_id" : "8e5cb70a-5c38-43de-ac69-9f3fe06b428b",
    "folio" : "SAL-20260409-0017",
    "total" : 674.0,
    "payment_type" : "CASH",
    "regBorrado" : 1,
    "createdAt" : "2026-04-09T12:22:02.165261Z",
    "updatedAt" : "2026-04-09T12:22:02.165261Z",
    "items" : [ {
      "id" : "d8477bf3-9cd5-4318-9cd5-21ff45e8da74",
      "sale_id" : "74c5c5e4-6107-47e2-8fdb-31015df0d2ef",
      "upc" : "N/A",
      "product_name" : "Tortillas (1kg)",
      "iva_amount" : 0.0,
      "ieps_amount" : 0.0,
      "quantity" : 26.0,
      "unit_price" : 24.0,
      "subtotal" : 624.0,
      "measurementUnit" : "PZA"
    }, {
      "id" : "1a0d9b27-d860-409e-95da-502ba38e4b13",
      "sale_id" : "74c5c5e4-6107-47e2-8fdb-31015df0d2ef",
      "upc" : "PRP-719551605",
      "product_name" : "Tacos De Pastor",
      "iva_amount" : 0.0,
      "ieps_amount" : 0.0,
      "quantity" : 1.0,
      "unit_price" : 25.0,
      "subtotal" : 25.0,
      "measurementUnit" : "PZA"
    }, {
      "id" : "b6dfbcf7-445e-4094-94eb-1a849495ffcf",
      "sale_id" : "74c5c5e4-6107-47e2-8fdb-31015df0d2ef",
      "upc" : "7501791669276",
      "product_name" : "AU jamón cocido",
      "iva_amount" : 0.0,
      "ieps_amount" : 0.0,
      "quantity" : 1.0,
      "unit_price" : 25.0,
      "subtotal" : 25.0,
      "measurementUnit" : "PZA"
    } ]
  }, {
    "id" : "2229d859-5d34-43f7-a75e-b899c284b232",
    "tenant_id" : "8691f5d8-24f6-4c3d-93a1-0852e9540dae",
    "user_id" : "a4602c27-f504-4eba-bb91-682b7d98ad96",
    "cash_session_id" : "8e5cb70a-5c38-43de-ac69-9f3fe06b428b",
    "folio" : "SAL-20260409-0018",
    "total" : 45.0,
    "payment_type" : "CASH",
    "regBorrado" : 1,
    "createdAt" : "2026-04-09T18:36:56.729746Z",
    "updatedAt" : "2026-04-09T18:36:56.729746Z",
    "items" : [ {
      "id" : "d4ab66e0-16ed-4ff2-b324-d242c1101990",
      "sale_id" : "2229d859-5d34-43f7-a75e-b899c284b232",
      "upc" : "INT-001",
      "product_name" : "Huevo (1kg)",
      "iva_amount" : 0.0,
      "ieps_amount" : 0.0,
      "quantity" : 1.0,
      "unit_price" : 45.0,
      "subtotal" : 45.0,
      "measurementUnit" : "PZA"
    } ]
  }, {
    "id" : "ebb27e26-fb41-448b-af7c-b29ebaff51ca",
    "tenant_id" : "8691f5d8-24f6-4c3d-93a1-0852e9540dae",
    "user_id" : "a4602c27-f504-4eba-bb91-682b7d98ad96",
    "cash_session_id" : "8e5cb70a-5c38-43de-ac69-9f3fe06b428b",
    "folio" : "SAL-20260409-0019",
    "total" : 25.0,
    "payment_type" : "CASH",
    "regBorrado" : 1,
    "createdAt" : "2026-04-09T18:43:02.857810Z",
    "updatedAt" : "2026-04-09T18:43:02.857810Z",
    "items" : [ {
      "id" : "5f9c6c2a-58c2-4363-b404-5e28c559fbbf",
      "sale_id" : "ebb27e26-fb41-448b-af7c-b29ebaff51ca",
      "upc" : "7501032925529",
      "product_name" : "ggcv baygo",
      "iva_amount" : 0.0,
      "ieps_amount" : 0.0,
      "quantity" : 1.0,
      "unit_price" : 25.0,
      "subtotal" : 25.0,
      "measurementUnit" : "PZA"
    } ]
  }, {
    "id" : "b2e5a48e-3078-4820-a40f-c71a5e8e4ea0",
    "tenant_id" : "8691f5d8-24f6-4c3d-93a1-0852e9540dae",
    "user_id" : "a4602c27-f504-4eba-bb91-682b7d98ad96",
    "cash_session_id" : "8e5cb70a-5c38-43de-ac69-9f3fe06b428b",
    "folio" : "SAL-20260409-0020",
    "total" : 141.5,
    "payment_type" : "CASH",
    "regBorrado" : 1,
    "createdAt" : "2026-04-10T03:28:34.379274Z",
    "updatedAt" : "2026-04-10T03:28:34.379274Z",
    "items" : [ {
      "id" : "58b67fe9-8bc7-4515-b53b-2c4e8c416ff1",
      "sale_id" : "b2e5a48e-3078-4820-a40f-c71a5e8e4ea0",
      "upc" : "INT-001",
      "product_name" : "Huevo (1kg)",
      "iva_amount" : 0.0,
      "ieps_amount" : 0.0,
      "quantity" : 2.0,
      "unit_price" : 45.0,
      "subtotal" : 90.0,
      "measurementUnit" : "PZA"
    }, {
      "id" : "f8ad4b8b-af10-4eb2-b7c7-56a87f260f1e",
      "sale_id" : "b2e5a48e-3078-4820-a40f-c71a5e8e4ea0",
      "upc" : "INT-002",
      "product_name" : "Tortillas (1kg)",
      "iva_amount" : 0.0,
      "ieps_amount" : 0.0,
      "quantity" : 2.0,
      "unit_price" : 24.0,
      "subtotal" : 48.0,
      "measurementUnit" : "PZA"
    }, {
      "id" : "7c2e938e-f873-4368-8c43-c6523dfeee00",
      "sale_id" : "b2e5a48e-3078-4820-a40f-c71a5e8e4ea0",
      "upc" : "INT-003",
      "product_name" : "Bolillo (Pza)",
      "iva_amount" : 0.0,
      "ieps_amount" : 0.0,
      "quantity" : 1.0,
      "unit_price" : 3.5,
      "subtotal" : 3.5,
      "measurementUnit" : "PZA"
    } ]
  }, {
    "id" : "d12ae8e9-e319-4c25-93b7-41d59f967c31",
    "tenant_id" : "8691f5d8-24f6-4c3d-93a1-0852e9540dae",
    "user_id" : "a4602c27-f504-4eba-bb91-682b7d98ad96",
    "cash_session_id" : "8e5cb70a-5c38-43de-ac69-9f3fe06b428b",
    "folio" : "SAL-20260409-0021",
    "total" : 90.0,
    "payment_type" : "CASH",
    "regBorrado" : 1,
    "createdAt" : "2026-04-10T03:28:47.399969Z",
    "updatedAt" : "2026-04-10T03:28:47.399969Z",
    "items" : [ {
      "id" : "23ab9a52-f2cf-4c8b-ac4e-e7850dca9dce",
      "sale_id" : "d12ae8e9-e319-4c25-93b7-41d59f967c31",
      "upc" : "INT-001",
      "product_name" : "Huevo (1kg)",
      "iva_amount" : 0.0,
      "ieps_amount" : 0.0,
      "quantity" : 2.0,
      "unit_price" : 45.0,
      "subtotal" : 90.0,
      "measurementUnit" : "PZA"
    } ]
  } ]
}

=========== [ 2026-04-10T00:19:06.038441900-06:00 ] ===========
TENANT_ID: 8691f5d8-24f6-4c3d-93a1-0852e9540dae
RECORDS COUNT: 10
PAYLOAD: 
{
  "tenantId" : "8691f5d8-24f6-4c3d-93a1-0852e9540dae",
  "records" : [ {
    "id" : "61533570-571f-47a8-bf12-7085f7180bf8",
    "tenant_id" : "8691f5d8-24f6-4c3d-93a1-0852e9540dae",
    "user_id" : "a4602c27-f504-4eba-bb91-682b7d98ad96",
    "cash_session_id" : "8e5cb70a-5c38-43de-ac69-9f3fe06b428b",
    "folio" : "SAL-20260409-0012",
    "total" : 5.0,
    "payment_type" : "CASH",
    "regBorrado" : 1,
    "createdAt" : "2026-04-09T11:47:03.032023Z",
    "updatedAt" : "2026-04-09T11:47:03.032023Z",
    "items" : [ {
      "id" : "e1c9c259-ae77-443b-a831-1ceccdbc7b0d",
      "sale_id" : "61533570-571f-47a8-bf12-7085f7180bf8",
      "upc" : "7503039601277",
      "product_name" : "lsldmd",
      "iva_amount" : 0.0,
      "ieps_amount" : 0.0,
      "quantity" : 1.0,
      "unit_price" : 5.0,
      "subtotal" : 5.0,
      "measurementUnit" : "PZA"
    } ]
  }, {
    "id" : "87985203-4b6c-4c80-8b5d-b55e920d7bd7",
    "tenant_id" : "8691f5d8-24f6-4c3d-93a1-0852e9540dae",
    "user_id" : "a4602c27-f504-4eba-bb91-682b7d98ad96",
    "cash_session_id" : "8e5cb70a-5c38-43de-ac69-9f3fe06b428b",
    "folio" : "SAL-20260409-0013",
    "total" : 5.0,
    "payment_type" : "CASH",
    "regBorrado" : 1,
    "createdAt" : "2026-04-09T11:47:14.933403Z",
    "updatedAt" : "2026-04-09T11:47:14.933403Z",
    "items" : [ {
      "id" : "0930c207-9c33-44b8-b011-872a88aa28e4",
      "sale_id" : "87985203-4b6c-4c80-8b5d-b55e920d7bd7",
      "upc" : "7503039601277",
      "product_name" : "lsldmd",
      "iva_amount" : 0.0,
      "ieps_amount" : 0.0,
      "quantity" : 1.0,
      "unit_price" : 5.0,
      "subtotal" : 5.0,
      "measurementUnit" : "PZA"
    } ]
  }, {
    "id" : "e0fbaee4-4f2d-46ca-a5b6-18e21ffadf68",
    "tenant_id" : "8691f5d8-24f6-4c3d-93a1-0852e9540dae",
    "user_id" : "a4602c27-f504-4eba-bb91-682b7d98ad96",
    "cash_session_id" : "8e5cb70a-5c38-43de-ac69-9f3fe06b428b",
    "folio" : "SAL-20260409-0014",
    "total" : 5.0,
    "payment_type" : "CASH",
    "regBorrado" : 1,
    "createdAt" : "2026-04-09T11:47:28.402004Z",
    "updatedAt" : "2026-04-09T11:47:28.402004Z",
    "items" : [ {
      "id" : "013c48b2-23dc-4dfa-aa2f-ff3cf6049477",
      "sale_id" : "e0fbaee4-4f2d-46ca-a5b6-18e21ffadf68",
      "upc" : "7503039601277",
      "product_name" : "lsldmd",
      "iva_amount" : 0.0,
      "ieps_amount" : 0.0,
      "quantity" : 1.0,
      "unit_price" : 5.0,
      "subtotal" : 5.0,
      "measurementUnit" : "PZA"
    } ]
  }, {
    "id" : "655ad33a-a601-44b6-b9de-0ed92abeb955",
    "tenant_id" : "8691f5d8-24f6-4c3d-93a1-0852e9540dae",
    "user_id" : "a4602c27-f504-4eba-bb91-682b7d98ad96",
    "cash_session_id" : "8e5cb70a-5c38-43de-ac69-9f3fe06b428b",
    "folio" : "SAL-20260409-0015",
    "total" : 5.0,
    "payment_type" : "CASH",
    "regBorrado" : 1,
    "createdAt" : "2026-04-09T11:47:38.770874Z",
    "updatedAt" : "2026-04-09T11:47:38.770874Z",
    "items" : [ {
      "id" : "7e73bbd4-b5ae-4922-b691-ce8083eb100d",
      "sale_id" : "655ad33a-a601-44b6-b9de-0ed92abeb955",
      "upc" : "7503039601277",
      "product_name" : "lsldmd",
      "iva_amount" : 0.0,
      "ieps_amount" : 0.0,
      "quantity" : 1.0,
      "unit_price" : 5.0,
      "subtotal" : 5.0,
      "measurementUnit" : "PZA"
    } ]
  }, {
    "id" : "fddb83aa-da21-4a02-beea-4e7d4388a99c",
    "tenant_id" : "8691f5d8-24f6-4c3d-93a1-0852e9540dae",
    "user_id" : "a4602c27-f504-4eba-bb91-682b7d98ad96",
    "cash_session_id" : "8e5cb70a-5c38-43de-ac69-9f3fe06b428b",
    "folio" : "SAL-20260409-0016",
    "total" : 25.0,
    "payment_type" : "CASH",
    "regBorrado" : 1,
    "createdAt" : "2026-04-09T11:50:13.257831Z",
    "updatedAt" : "2026-04-09T11:50:13.257831Z",
    "items" : [ {
      "id" : "a110e63b-a7fc-489e-94ae-68d7dc4209b0",
      "sale_id" : "fddb83aa-da21-4a02-beea-4e7d4388a99c",
      "upc" : "7501055333851",
      "product_name" : "Del Valle Nectar de Durazno",
      "iva_amount" : 0.0,
      "ieps_amount" : 0.0,
      "quantity" : 1.0,
      "unit_price" : 25.0,
      "subtotal" : 25.0,
      "measurementUnit" : "PZA"
    } ]
  }, {
    "id" : "74c5c5e4-6107-47e2-8fdb-31015df0d2ef",
    "tenant_id" : "8691f5d8-24f6-4c3d-93a1-0852e9540dae",
    "user_id" : "a4602c27-f504-4eba-bb91-682b7d98ad96",
    "cash_session_id" : "8e5cb70a-5c38-43de-ac69-9f3fe06b428b",
    "folio" : "SAL-20260409-0017",
    "total" : 674.0,
    "payment_type" : "CASH",
    "regBorrado" : 1,
    "createdAt" : "2026-04-09T12:22:02.165261Z",
    "updatedAt" : "2026-04-09T12:22:02.165261Z",
    "items" : [ {
      "id" : "d8477bf3-9cd5-4318-9cd5-21ff45e8da74",
      "sale_id" : "74c5c5e4-6107-47e2-8fdb-31015df0d2ef",
      "upc" : "N/A",
      "product_name" : "Tortillas (1kg)",
      "iva_amount" : 0.0,
      "ieps_amount" : 0.0,
      "quantity" : 26.0,
      "unit_price" : 24.0,
      "subtotal" : 624.0,
      "measurementUnit" : "PZA"
    }, {
      "id" : "1a0d9b27-d860-409e-95da-502ba38e4b13",
      "sale_id" : "74c5c5e4-6107-47e2-8fdb-31015df0d2ef",
      "upc" : "PRP-719551605",
      "product_name" : "Tacos De Pastor",
      "iva_amount" : 0.0,
      "ieps_amount" : 0.0,
      "quantity" : 1.0,
      "unit_price" : 25.0,
      "subtotal" : 25.0,
      "measurementUnit" : "PZA"
    }, {
      "id" : "b6dfbcf7-445e-4094-94eb-1a849495ffcf",
      "sale_id" : "74c5c5e4-6107-47e2-8fdb-31015df0d2ef",
      "upc" : "7501791669276",
      "product_name" : "AU jamón cocido",
      "iva_amount" : 0.0,
      "ieps_amount" : 0.0,
      "quantity" : 1.0,
      "unit_price" : 25.0,
      "subtotal" : 25.0,
      "measurementUnit" : "PZA"
    } ]
  }, {
    "id" : "2229d859-5d34-43f7-a75e-b899c284b232",
    "tenant_id" : "8691f5d8-24f6-4c3d-93a1-0852e9540dae",
    "user_id" : "a4602c27-f504-4eba-bb91-682b7d98ad96",
    "cash_session_id" : "8e5cb70a-5c38-43de-ac69-9f3fe06b428b",
    "folio" : "SAL-20260409-0018",
    "total" : 45.0,
    "payment_type" : "CASH",
    "regBorrado" : 1,
    "createdAt" : "2026-04-09T18:36:56.729746Z",
    "updatedAt" : "2026-04-09T18:36:56.729746Z",
    "items" : [ {
      "id" : "d4ab66e0-16ed-4ff2-b324-d242c1101990",
      "sale_id" : "2229d859-5d34-43f7-a75e-b899c284b232",
      "upc" : "INT-001",
      "product_name" : "Huevo (1kg)",
      "iva_amount" : 0.0,
      "ieps_amount" : 0.0,
      "quantity" : 1.0,
      "unit_price" : 45.0,
      "subtotal" : 45.0,
      "measurementUnit" : "PZA"
    } ]
  }, {
    "id" : "ebb27e26-fb41-448b-af7c-b29ebaff51ca",
    "tenant_id" : "8691f5d8-24f6-4c3d-93a1-0852e9540dae",
    "user_id" : "a4602c27-f504-4eba-bb91-682b7d98ad96",
    "cash_session_id" : "8e5cb70a-5c38-43de-ac69-9f3fe06b428b",
    "folio" : "SAL-20260409-0019",
    "total" : 25.0,
    "payment_type" : "CASH",
    "regBorrado" : 1,
    "createdAt" : "2026-04-09T18:43:02.857810Z",
    "updatedAt" : "2026-04-09T18:43:02.857810Z",
    "items" : [ {
      "id" : "5f9c6c2a-58c2-4363-b404-5e28c559fbbf",
      "sale_id" : "ebb27e26-fb41-448b-af7c-b29ebaff51ca",
      "upc" : "7501032925529",
      "product_name" : "ggcv baygo",
      "iva_amount" : 0.0,
      "ieps_amount" : 0.0,
      "quantity" : 1.0,
      "unit_price" : 25.0,
      "subtotal" : 25.0,
      "measurementUnit" : "PZA"
    } ]
  }, {
    "id" : "b2e5a48e-3078-4820-a40f-c71a5e8e4ea0",
    "tenant_id" : "8691f5d8-24f6-4c3d-93a1-0852e9540dae",
    "user_id" : "a4602c27-f504-4eba-bb91-682b7d98ad96",
    "cash_session_id" : "8e5cb70a-5c38-43de-ac69-9f3fe06b428b",
    "folio" : "SAL-20260409-0020",
    "total" : 141.5,
    "payment_type" : "CASH",
    "regBorrado" : 1,
    "createdAt" : "2026-04-10T03:28:34.379274Z",
    "updatedAt" : "2026-04-10T03:28:34.379274Z",
    "items" : [ {
      "id" : "58b67fe9-8bc7-4515-b53b-2c4e8c416ff1",
      "sale_id" : "b2e5a48e-3078-4820-a40f-c71a5e8e4ea0",
      "upc" : "INT-001",
      "product_name" : "Huevo (1kg)",
      "iva_amount" : 0.0,
      "ieps_amount" : 0.0,
      "quantity" : 2.0,
      "unit_price" : 45.0,
      "subtotal" : 90.0,
      "measurementUnit" : "PZA"
    }, {
      "id" : "f8ad4b8b-af10-4eb2-b7c7-56a87f260f1e",
      "sale_id" : "b2e5a48e-3078-4820-a40f-c71a5e8e4ea0",
      "upc" : "INT-002",
      "product_name" : "Tortillas (1kg)",
      "iva_amount" : 0.0,
      "ieps_amount" : 0.0,
      "quantity" : 2.0,
      "unit_price" : 24.0,
      "subtotal" : 48.0,
      "measurementUnit" : "PZA"
    }, {
      "id" : "7c2e938e-f873-4368-8c43-c6523dfeee00",
      "sale_id" : "b2e5a48e-3078-4820-a40f-c71a5e8e4ea0",
      "upc" : "INT-003",
      "product_name" : "Bolillo (Pza)",
      "iva_amount" : 0.0,
      "ieps_amount" : 0.0,
      "quantity" : 1.0,
      "unit_price" : 3.5,
      "subtotal" : 3.5,
      "measurementUnit" : "PZA"
    } ]
  }, {
    "id" : "d12ae8e9-e319-4c25-93b7-41d59f967c31",
    "tenant_id" : "8691f5d8-24f6-4c3d-93a1-0852e9540dae",
    "user_id" : "a4602c27-f504-4eba-bb91-682b7d98ad96",
    "cash_session_id" : "8e5cb70a-5c38-43de-ac69-9f3fe06b428b",
    "folio" : "SAL-20260409-0021",
    "total" : 90.0,
    "payment_type" : "CASH",
    "regBorrado" : 1,
    "createdAt" : "2026-04-10T03:28:47.399969Z",
    "updatedAt" : "2026-04-10T03:28:47.399969Z",
    "items" : [ {
      "id" : "23ab9a52-f2cf-4c8b-ac4e-e7850dca9dce",
      "sale_id" : "d12ae8e9-e319-4c25-93b7-41d59f967c31",
      "upc" : "INT-001",
      "product_name" : "Huevo (1kg)",
      "iva_amount" : 0.0,
      "ieps_amount" : 0.0,
      "quantity" : 2.0,
      "unit_price" : 45.0,
      "subtotal" : 90.0,
      "measurementUnit" : "PZA"
    } ]
  } ]
}

=========== [ 2026-04-10T00:21:35.020893700-06:00 ] ===========
TENANT_ID: 4717de09-80b6-431e-a869-f5343aaf1d37
RECORDS COUNT: 1
PAYLOAD: 
{
  "tenantId" : "4717de09-80b6-431e-a869-f5343aaf1d37",
  "records" : [ {
    "id" : "cd9bd75c-4351-47f6-a1a8-4516413853d2",
    "tenant_id" : "4717de09-80b6-431e-a869-f5343aaf1d37",
    "user_id" : "e25e13b9-1714-4752-a3cb-6a341ca8abed",
    "initial_amount" : 100.0,
    "total_sales" : 100.0,
    "cash_total" : 0.0,
    "card_total" : 100.0,
    "transfer_total" : 0.0,
    "opened_at" : "2026-04-10T06:20:56.848357Z",
    "closed_at" : null
  } ]
}

=========== [ 2026-04-10T00:21:37.258623200-06:00 ] ===========
TENANT_ID: 4717de09-80b6-431e-a869-f5343aaf1d37
RECORDS COUNT: 1
PAYLOAD: 
{
  "tenantId" : "4717de09-80b6-431e-a869-f5343aaf1d37",
  "records" : [ {
    "id" : "43d08951-61fd-4cc0-abfb-2886d9bf25aa",
    "tenant_id" : "4717de09-80b6-431e-a869-f5343aaf1d37",
    "upc" : "7501055313532",
    "supplier_id" : null,
    "price" : 100.0,
    "name" : "Coca-Cola",
    "stock" : -1.0,
    "productType" : "STANDARD",
    "minStock" : 3.0,
    "costPrice" : 0.0,
    "regBorrado" : 1,
    "measurementUnit" : "PZA",
    "isActive" : true,
    "createdAt" : "2026-04-10T06:21:10.712979Z",
    "updatedAt" : "2026-04-10T06:21:16.114141Z"
  } ]
}

=========== [ 2026-04-10T00:21:39.505241900-06:00 ] ===========
TENANT_ID: 4717de09-80b6-431e-a869-f5343aaf1d37
RECORDS COUNT: 1
PAYLOAD: 
{
  "tenantId" : "4717de09-80b6-431e-a869-f5343aaf1d37",
  "records" : [ {
    "id" : "95474b33-7f1a-445d-bd2f-6d2b6c9d644d",
    "tenant_id" : "4717de09-80b6-431e-a869-f5343aaf1d37",
    "tipo" : "SAL",
    "fecha" : "2026-04-10",
    "ultimo_folio" : 1
  } ]
}

=========== [ 2026-04-10T00:21:45.983254100-06:00 ] ===========
TENANT_ID: 4717de09-80b6-431e-a869-f5343aaf1d37
RECORDS COUNT: 1
PAYLOAD: 
{
  "tenantId" : "4717de09-80b6-431e-a869-f5343aaf1d37",
  "records" : [ {
    "id" : "4eb26536-e894-4faa-9113-13834ed8530b",
    "tenant_id" : "4717de09-80b6-431e-a869-f5343aaf1d37",
    "user_id" : "e25e13b9-1714-4752-a3cb-6a341ca8abed",
    "cash_session_id" : "cd9bd75c-4351-47f6-a1a8-4516413853d2",
    "folio" : "SAL-20260410-0001",
    "total" : 100.0,
    "payment_type" : "CARD",
    "regBorrado" : 1,
    "createdAt" : "2026-04-10T06:21:15.814860Z",
    "updatedAt" : "2026-04-10T06:21:15.814860Z",
    "items" : [ {
      "id" : "156e9da1-05e7-46b5-9f1b-6f50a60235f6",
      "sale_id" : "4eb26536-e894-4faa-9113-13834ed8530b",
      "upc" : "7501055313532",
      "product_name" : "Coca-Cola",
      "iva_amount" : 0.0,
      "ieps_amount" : 0.0,
      "quantity" : 1.0,
      "unit_price" : 100.0,
      "subtotal" : 100.0,
      "measurementUnit" : "PZA"
    } ]
  } ]
}

